Gene	pval	adjp	log2fc	Chr	Start	End	Strand	Biotype	Name	Description	srpk3_hom_ttnb_het_9 count	srpk3_wt_ttnb_het_3 count	srpk3_wt_ttnb_het_9 count	srpk3_hom_ttnb_het_2 count	srpk3_hom_ttnb_het_10 count	srpk3_hom_ttnb_het_8 count	srpk3_wt_ttnb_het_2 count	srpk3_wt_ttnb_het_8 count	srpk3_wt_ttnb_het_1 count	srpk3_hom_ttnb_het_7 count	srpk3_hom_ttnb_het_1 count	srpk3_hom_ttnb_het_9 normalised count	srpk3_wt_ttnb_het_3 normalised count	srpk3_wt_ttnb_het_9 normalised count	srpk3_hom_ttnb_het_2 normalised count	srpk3_hom_ttnb_het_10 normalised count	srpk3_hom_ttnb_het_8 normalised count	srpk3_wt_ttnb_het_2 normalised count	srpk3_wt_ttnb_het_8 normalised count	srpk3_wt_ttnb_het_1 normalised count	srpk3_hom_ttnb_het_7 normalised count	srpk3_hom_ttnb_het_1 normalised count
ENSDARG00000030722	9.602656229943766e-50	2.006763098933648e-45	2.1541167134599526	2	23749614	23768832	-1	protein_coding	xirp1	xin actin binding repeat containing 1 [Source:NCBI gene;Acc:497637]	1420	177	391	1586	1186	542	181	313	247	875	654	1244.3068098802255	252.42692605665306	278.60942198016085	1224.3482573292197	1093.3489628985312	709.6256550702115	207.99431792487547	290.61071129489403	255.40306740137598	832.0867946375341	709.8423475678057
ENSDARG00000002204	1.3087187467818034e-30	1.3674802185123065e-26	2.7937853221060336	21	20383837	20384878	1	protein_coding	hspb11	heat shock protein, alpha-crystallin-related, b11 [Source:NCBI gene;Acc:796767]	1462	168	191	2043	1075	867	176	202	174	713	857	1281.1102507358378	239.59165863004358	136.09820869107602	1577.1396530413592	991.0203500134243	1135.1391936270725	202.24861853468553	187.55068268871753	179.91956974833775	678.0318680874992	930.1756756354885
ENSDARG00000055618	5.202247524878066e-24	3.623885625830061e-20	-1.3659305471220933	13	24279021	24284442	1	protein_coding	acta1b	actin alpha 1, skeletal muscle b [Source:ZFIN;Acc:ZDB-GENE-030131-55]	5819	10513	20897	8048	6594	4007	15808	23124	23317	6657	4583	5099.0291033049525	14993.018495105049	14890.284120510029	6212.834032147263	6078.872733012576	5246.254612299515	18165.603192024482	21469.91082422725	24110.25636679305	6330.51633360236	4974.323362237391
ENSDARG00000078674	1.887983426023632e-23	9.863769409260465e-20	3.5832443787747272	3	33300522	33301321	1	protein_coding	hspb9	heat shock protein, alpha-crystallin-related, 9 [Source:ZFIN;Acc:ZDB-GENE-080214-6]	1410	84	110	1524	1211	684	59	174	84	825	581	1235.5440858669845	119.79582931502179	78.38116730899665	1176.4859673201329	1116.3959477825645	895.5423396089016	67.79925280424118	161.55355835562798	86.85772332678374	784.5389778011037	630.6091803316439
ENSDARG00000036371	4.136479331348301e-21	1.728882901330336e-17	-1.1857477726743348	1	53945934	53953532	1	protein_coding	acta1a	actin alpha 1, skeletal muscle a [Source:ZFIN;Acc:ZDB-GENE-050417-267]	1193	1641	3664	1310	1315	743	2800	3129	2956	762	785	1045.3929747796542	2340.2970941184612	2610.805427456034	1011.2838695468334	1212.2714049001422	972.7894127623009	3217.591658506361	2905.1786442227585	3056.5646446901515	724.6287285872012	852.0278942518769
ENSDARG00000058365	3.9282223345816153e-19	1.3681998391347766e-15	1.3769145342727989	5	15819651	15840485	1	protein_coding	hspb8	heat shock protein b8 [Source:ZFIN;Acc:ZDB-GENE-030131-2480]	1272	322	567	1729	975	676	394	459	406	826	734	1114.6184944842582	459.21734570758355	404.0192896745555	1334.7403133179198	898.8324104772918	885.0681601982711	452.7611119469665	426.1671453174324	419.8123294127881	785.4899341378323	796.6732157718186
ENSDARG00000075048	1.7152151728348846e-15	5.12065238312906e-12	-0.7703785936246798	14	34068075	34092744	1	protein_coding	lonrf1	LON peptidase N-terminal domain and ring finger 1 [Source:ZFIN;Acc:ZDB-GENE-101021-4]	1015	1014	2044	1122	864	656	1245	1332	1266	884	750	889.416487343964	1446.1067967313345	1456.464599814447	866.1530546805702	796.5037975921847	858.882711671695	1430.6791481572927	1236.7203432741176	1309.0699729965263	840.6454016680916	814.0393894126212
ENSDARG00000007344	3.902186453832226e-15	1.0193486564023232e-11	2.648709039053114	3	21240594	21242460	-1	protein_coding	tcap	titin-cap (telethonin) [Source:ZFIN;Acc:ZDB-GENE-070501-5]	2189	299	306	3061	1896	1880	255	401	387	1493	1675	1918.1602864984602	426.4161067284704	218.04215633229978	2363.007576093784	1747.883333605072	2461.4321614981504	293.0306688996864	372.31595919888974	400.1659396126822	1419.7778107358154	1818.0213030215207
ENSDARG00000093068	8.858166173175145e-15	2.0568661854112685e-11	0.9048809687565664	22	26180184	26236275	-1	protein_coding	c3b.1	complement component c3b, tandem duplicate 1 [Source:ZFIN;Acc:ZDB-GENE-030131-2211]	1177	442	856	1620	1298	1064	1054	1399	1287	1240	1235	1031.3726163584686	630.3542447290432	609.9479928772831	1250.5953195922673	1196.5994551789997	1393.065861613847	1211.1934314520372	1298.9277479282962	1330.7844038282221	1179.185857543477	1340.4515278994495
ENSDARG00000041065	1.3545030622238205e-14	2.8306404994353403e-11	1.5143967675383934	5	3568016	3584815	-1	protein_coding	hspb1	heat shock protein, alpha-crystallin-related, 1 [Source:NCBI gene;Acc:368243]	1186	300	383	1458	876	596	330	312	368	680	598	1039.2590679703856	427.84224755364926	272.90897344859746	1125.5357876330406	807.5663503365206	780.3263660919669	379.2161597525354	289.68224256871224	380.5195498125764	646.6503089754551	649.0607398249966
ENSDARG00000075263	3.770493636321276e-14	7.163252364712912e-11	1.853007071284868	17	23462972	23472265	1	protein_coding	ankrd1a	ankyrin repeat domain 1a (cardiac muscle) [Source:ZFIN;Acc:ZDB-GENE-100405-1]	195	36	68	268	173	70	42	65	45	106	108	170.87311825819998	51.341069706437914	48.45381251828884	206.88860842637507	159.4851353975092	91.64906984301624	48.26387487759541	60.35046720181505	46.530923210777	100.80137169323271	117.22167207541746
ENSDARG00000038583	1.9477407042958694e-13	3.1499629051702367e-10	1.1449113283036718	6	52064304	52072829	1	protein_coding	abraa	actin binding Rho activating protein a [Source:ZFIN;Acc:ZDB-GENE-120730-1]	1194	395	574	1524	1058	854	638	680	562	1142	849	1046.2692471809783	563.3256259456382	409.0071821396735	1176.4859673201329	975.3484002922817	1118.1186520847982	733.1512421882351	631.3587338036036	581.119529876815	1085.9921365440732	921.4925888150872
ENSDARG00000089086	1.9594945816448022e-13	3.1499629051702367e-10	1.985800992421789	11	18249809	18253111	-1	protein_coding	mustn1b	musculoskeletal, embryonic nuclear protein 1b [Source:ZFIN;Acc:ZDB-GENE-111129-2]	571	114	174	890	544	432	177	171	103	325	441	500.3515411560625	162.58005407038672	123.9847555615038	687.0554533562456	501.50239107656074	565.605688174043	203.39775841272353	158.76815217708267	106.50411312688958	309.0608094367984	478.65516097462125
ENSDARG00000056210	4.734226841381529e-11	7.066848037942228e-8	2.3884520468178816	8	24968098	24970790	-1	protein_coding	hspa1b	heat shock protein family A (Hsp70) member 1B [Source:ZFIN;Acc:ZDB-GENE-060503-867]	180	21	37	189	146	121	17	23	31	78	69	157.72903223833845	29.948957328755448	26.364574458480693	145.9027872857645	134.59439172275344	158.42196358578522	19.53537792664576	21.35478070218071	32.05463598964638	74.17459426483161	74.89162382596115
ENSDARG00000034211	5.103423107000691e-11	7.110089072673363e-8	-0.8403546143876279	22	26443235	26476078	1	protein_coding	capn2l	calpain 2, (m/II) large subunit, like [Source:ZFIN;Acc:ZDB-GENE-050417-341]	345	364	700	358	296	256	240	324	302	309	270	302.31397845681533	519.1152603650944	498.78924651179693	276.36612618150104	272.87630102695215	335.17374114017366	275.79357072911665	300.8238672828935	312.2741957701034	293.8455080491406	293.0541801885436
ENSDARG00000077301	1.9065317286932596e-10	2.4901687541394837e-7	1.0279904686113175	15	1148074	1162658	1	protein_coding	mlf1	myeloid leukemia factor 1 [Source:ZFIN;Acc:ZDB-GENE-080917-7]	907	307	590	1409	800	658	425	490	383	830	745	794.7790680009609	437.8252333299011	420.40807920280025	1087.709139077472	737.5035162890599	861.5012565243527	488.38444816614407	454.9496758290673	396.029857549502	789.2937594847467	808.6124601498703
ENSDARG00000110922	2.4845308276419723e-10	3.054219131533055e-7	-1.8424472721213918	1	14522913	14533611	-1	protein_coding	CR847936.6	NA	35	104	120	47	31	103	160	126	158	132	123	30.669534046343585	148.3186458185984	85.50672797345091	36.28270371656578	28.57826125620107	134.85505991186676	183.86238048607777	116.98705949890302	163.37524149561702	125.52623644817659	133.50245986366988
ENSDARG00000053803	2.7372627052055187e-10	3.1779620007436074e-7	0.9498992571595236	19	43790932	43819610	-1	protein_coding	klhl43	kelch-like family member 43 [Source:ZFIN;Acc:ZDB-GENE-141212-285]	897	334	638	1393	901	672	524	568	665	932	803	786.0163439877199	476.3310356097295	454.6107703921806	1075.3575803654496	830.6133352205537	879.8310704929559	602.1492960919047	527.3702364712453	687.6236430037046	886.291305831065	871.5648395977797
ENSDARG00000036840	4.3105474023100057e-10	4.346920427019614e-7	-0.7359679861721752	11	11515778	11518469	-1	protein_coding	krt15	keratin 15 [Source:ZFIN;Acc:ZDB-GENE-040426-2931]	3038	3121	6537	3833	2802	3069	4059	4532	4459	3257	2918	2662.1155552226232	4450.985515383131	4657.9790063537375	2958.9702839488646	2583.106065802432	4018.1570764030976	4664.358764956185	4207.820267055781	4610.697479930103	3097.264788725084	3167.1559177413715
ENSDARG00000034503	4.3141642839374126e-10	4.346920427019614e-7	-0.8529782363733398	2	48309600	48375342	-1	protein_coding	per2	period circadian clock 2 [Source:ZFIN;Acc:ZDB-GENE-011220-2]	2640	2913	5332	2665	2422	1565	3284	4475	4013	3010	1880	2313.3591394956306	4154.348223745934	3799.3489462870016	2057.30649797123	2232.791895565129	2049.0113472045773	3773.775359476746	4154.897549663421	4149.524329885513	2862.3785735531173	2040.5254027943038
ENSDARG00000102175	4.3681370928994113e-10	4.346920427019614e-7	-3.286308880994267	16	50289916	50292583	1	protein_coding	hamp	hepcidin antimicrobial peptide [Source:NCBI gene;Acc:402837]	24	132	214	10	26	4	8	10	6	6	25	21.030537631778458	188.25058892360568	152.48699821932078	7.719724195013995	23.968864279394445	5.2370897053152135	9.193119024303888	9.2846872618177	6.204123094770266	5.705738020371663	27.13464631375404
ENSDARG00000078696	7.663482424313637e-10	7.234071448155696e-7	0.7939396265426584	12	26408351	26430507	-1	protein_coding	synpo2lb	synaptopodin 2-like b [Source:ZFIN;Acc:ZDB-GENE-090828-5]	696	289	538	997	739	416	300	402	351	566	454	609.8855913215752	412.15469847668214	383.3551637476382	769.6565022428954	681.2688731720191	544.6573293527822	344.74196341139583	373.24442792507153	362.9412010440606	538.2412865883936	492.76517705777337
ENSDARG00000030463	7.961701756511676e-10	7.234071448155696e-7	-1.2748058266644307	7	35229645	35243976	1	protein_coding	tppp3	tubulin polymerization-promoting protein family member 3 [Source:ZFIN;Acc:ZDB-GENE-040426-1909]	200	350	583	223	237	221	329	451	394	215	144	175.2544802648205	499.1492888125908	415.4201867376823	172.14984954881209	218.485416700634	289.3492062186656	378.0670198744974	418.73939550797826	407.40408322324754	204.45561239665125	156.29556276722326
ENSDARG00000099002	9.549969657636553e-10	8.315636079387029e-7	2.1994604585113104	19	19496479	19505167	-1	protein_coding	creb5a	cAMP responsive element binding protein 5a [Source:ZFIN;Acc:ZDB-GENE-120827-2]	88	12	24	97	91	60	19	25	20	51	53	77.11197131652102	17.11368990214597	17.10134559469018	74.88132469163575	83.89102497788056	78.5563455797282	21.833657682721736	23.21171815454425	20.68041031590089	48.49877317315914	57.52545018515857
ENSDARG00000053068	1.2570080340603532e-9	1.0507581558317303e-6	1.0031947765233473	2	3435888	3437862	-1	protein_coding	cyp8b1	cytochrome P450, family 8, subfamily B, polypeptide 1 [Source:ZFIN;Acc:ZDB-GENE-040808-53]	1028	306	580	983	968	312	359	606	618	409	322	900.8080285611774	436.39909250472226	413.28251853834604	758.8488883698758	892.3792547097624	408.49299701458665	412.541216215637	562.6520480661526	639.0246787613374	388.9411417220017	349.49424452115204
ENSDARG00000104899	2.3388241925723413e-9	1.879874922168338e-6	8.256773437625185	8	7828414	7848287	1	processed_transcript	CR931813.2	NA	144	0	1	308	90	173	1	5	2	349	152	126.18322579067075	0	0.7125560664454241	237.76750520643105	82.96914558251923	226.504129754883	1.149139878037986	4.64234363090885	2.068041031590089	331.88376151828504	164.97864958762457
ENSDARG00000079111	3.7138995459134027e-9	2.8745582485369737e-6	-1.04847791758915	25	14087045	14125498	1	protein_coding	actc1c	actin alpha cardiac muscle 1c [Source:ZFIN;Acc:ZDB-GENE-040625-46]	695	826	2010	858	677	302	1779	1521	1690	646	510	609.0093189202512	1177.9923215977142	1432.2376935553025	662.3523359322008	624.1123506596169	395.40027275129864	2044.3198430295772	1412.2009325224722	1747.4946716936252	614.3177935266824	553.5467848005824
ENSDARG00000105443	4.314048619389899e-9	3.2198210017146467e-6	1.885509272329572	7	4299907	4315859	-1	protein_coding	si:ch211-63p21.8	si:ch211-63p21.8 [Source:ZFIN;Acc:ZDB-GENE-130530-652]	188	46	52	246	214	268	39	76	91	207	210	164.73921144893126	65.60247795822622	37.05291545516206	189.9052151973443	197.2821906073235	350.8850102561193	44.81645524348146	70.56362318981452	94.09586693734904	196.84796170282237	227.93102903553392
ENSDARG00000075600	5.8100672760112175e-9	4.186854687382153e-6	2.1128256211536587	10	9105007	9115383	-1	protein_coding	si:dkeyp-41f9.3	si:dkeyp-41f9.3 [Source:ZFIN;Acc:ZDB-GENE-091118-56]	166	30	56	305	166	239	58	234	148	376	366	145.461218619801	42.784224755364924	39.903139720943756	235.45158794792687	153.03197962997993	312.916109892584	66.65011292620319	217.26168192653418	153.03503633766658	357.55958260995754	397.25122203335917
ENSDARG00000009341	1.1553202710999662e-8	8.047961008482364e-6	0.8959081142113361	12	30586599	30618440	1	protein_coding	nrap	nebulin-related anchoring protein [Source:ZFIN;Acc:ZDB-GENE-060616-224]	1822	740	1001	2376	1603	1038	714	955	976	1251	1182	1596.5683152125146	1055.3442106323348	713.2686225118696	1834.2064687353252	1477.7726707642037	1359.024778529298	820.485872919122	886.6876335035903	1009.2040234159634	1189.6463772474917	1282.926077714291
ENSDARG00000091131	1.9654296908725335e-8	1.324953215479168e-5	-0.7553514549889911	22	786556	809282	1	protein_coding	cry3b	cryptochrome circadian regulator 3b [Source:ZFIN;Acc:ZDB-GENE-010426-5]	282	304	587	344	263	210	373	478	385	312	220	247.1088171733969	433.5468108543646	418.270411003464	265.55851230848145	242.45428098002844	274.94720952904873	428.6291745081688	443.80805111488604	398.0978985810921	296.69837705932645	238.78488756103556
ENSDARG00000018566	2.103126137427814e-8	1.3734728131239518e-5	1.958446762172154	25	35019693	35041057	1	protein_coding	flnca	filamin C, gamma a (actin binding protein 280) [Source:ZFIN;Acc:ZDB-GENE-070503-1]	2844	518	831	4638	1821	1396	458	688	707	1193	1125	2492.1187093657472	738.7409474426344	592.1340912161475	3580.408081647491	1678.7423789529726	1827.7443071550097	526.3060641413977	638.7864836130577	731.0525046670964	1134.4909097172324	1221.0590841189319
ENSDARG00000078567	2.5696145916507768e-8	1.627266840494483e-5	-0.44503750238706774	8	13700605	13788311	1	protein_coding	lonrf1l	LON peptidase N-terminal domain and ring finger 1, like [Source:ZFIN;Acc:ZDB-GENE-081104-397]	1876	1570	3040	2105	1715	1345	1854	2136	2057	1821	1486	1643.8870248840162	2239.0410955307643	2166.1704419940893	1625.001943050446	1581.0231630446722	1760.9714134122407	2130.505333882426	1983.2091991242607	2126.9802009904065	1731.6914891827996	1612.8833768895402
ENSDARG00000027279	3.6723276127729755e-8	2.2571853662273423e-5	0.9690417509337577	17	51821906	51893123	-1	protein_coding	numb	NUMB endocytic adaptor protein [Source:ZFIN;Acc:ZDB-GENE-060422-1]	557	160	324	556	468	202	174	242	272	199	197	488.0837275375251	228.18253202861294	230.86816552831743	429.21666524277816	431.43955702910006	264.4730301184183	199.95033877860956	224.68943173598834	281.2535802962521	189.24031100899347	213.82101295238184
ENSDARG00000043701	4.6505516386899866e-8	2.7767779470098096e-5	1.5151854738148627	8	7033049	7052493	1	protein_coding	gpd1a	glycerol-3-phosphate dehydrogenase 1a [Source:ZFIN;Acc:ZDB-GENE-050417-209]	347	118	90	440	350	301	60	80	49	449	332	304.06652325946357	168.28461737110203	64.13004598008817	339.6678645806158	322.6577883764637	394.09100032496985	68.94839268227916	74.2774980945416	50.66700527395718	426.9793951911461	360.34810304665365
ENSDARG00000002396	8.629578922960559e-8	5.0094705647786045e-5	-0.5981849865244947	24	20194022	20208474	-1	protein_coding	cry-dash	cryptochrome DASH [Source:NCBI gene;Acc:402986]	534	514	1039	651	531	383	667	729	657	539	409	467.9294623070707	733.036384141919	740.3457530367957	502.5540450954111	489.5179589368635	501.4513392839317	766.4762986513367	676.8537013865104	679.3514788773442	512.565465496721	443.9228136930161
ENSDARG00000007823	1.41373922955022e-7	7.785576431780404e-5	0.9435435380776631	20	37794633	37800737	1	protein_coding	atf3	activating transcription factor 3 [Source:ZFIN;Acc:ZDB-GENE-040426-728]	509	155	296	465	477	349	198	247	216	314	349	446.02265227396816	221.05182790271877	210.91659566784554	358.96717506815077	439.73647158735196	456.9360767887524	227.52969585152124	229.33177536689718	223.3484314117296	298.60028973278366	378.7996625400064
ENSDARG00000029439	1.4156948244217406e-7	7.785576431780404e-5	-0.605417735531074	8	11687254	11744994	1	protein_coding	atp2a2a	ATPase sarcoplasmic/endoplasmic reticulum Ca2+ transporting 2a [Source:ZFIN;Acc:ZDB-GENE-040426-702]	960	788	1877	1071	831	666	1382	1541	1696	916	781	841.2215052711383	1123.7989702409186	1337.4677367180611	826.7824612859989	766.0817775452609	871.9754359349831	1588.1113114484967	1430.7703070461075	1753.6987947883954	871.0760044434072	847.6863508416762
ENSDARG00000026771	1.9519159109531198e-7	1.045926633515341e-4	1.1468831953248515	1	30422143	30438036	1	protein_coding	tmem41ab	transmembrane protein 41ab [Source:NCBI gene;Acc:406356]	384	160	208	663	416	249	159	265	193	282	272	336.4886021084553	228.18253202861294	148.21166182064823	511.8177141294279	383.5018284703111	326.0088341558721	182.71324060803977	246.04421243816904	199.56595954844357	268.1696869574682	295.22495189364395
ENSDARG00000099197	2.052358071807831e-7	1.0722544746160014e-4	-0.5000951581315892	17	117024	125091	-1	protein_coding	actc1b	actin alpha cardiac muscle 1b [Source:ZFIN;Acc:ZDB-GENE-000322-1]	200956	192715	323366	232060	195926	155713	268352	310544	274700	227643	169404	176092.19668048632	274838.72912433837	230416.40498219104	179143.9196694948	180620.14241556294	203870.73732093698	308373.98455124965	288330.3921033916	284045.4356888987	216478.55336191106	183868.70496540758
ENSDARG00000071113	2.614065194137662e-7	1.332408156758265e-4	0.5952881875851554	6	10170241	10233650	-1	protein_coding	xirp2a	xin actin binding repeat containing 2a [Source:ZFIN;Acc:ZDB-GENE-040108-7]	3630	1684	2530	4371	3191	1801	1694	2131	1947	2662	2214	3180.868816806492	2401.621149601151	1802.7668481069231	3374.2914456406174	2941.7171505979877	2357.999639818175	1946.6429533963483	1978.5668554933518	2013.2379442529516	2531.445768371561	2403.044277546058
ENSDARG00000104572	2.8099578746902597e-7	1.3981547539351676e-4	0.9808235183368712	14	13036560	13048355	-1	protein_coding	si:dkey-35h6.1	si:dkey-35h6.1 [Source:ZFIN;Acc:ZDB-GENE-141216-112]	951	382	448	987	1017	758	1091	1251	1010	1351	912	833.3350536592214	544.7857952183134	319.22511776755005	761.9367780478814	937.5513450824674	992.428499157233	1253.7116069394428	1161.5143764533943	1044.3607209529948	1284.7420109203529	989.8718975257474
ENSDARG00000039255	1.0547585863474368e-6	5.126126729648543e-4	0.5759961810274	23	24926407	24939148	1	protein_coding	klhl21	kelch-like family member 21 [Source:NCBI gene;Acc:404613]	1092	443	872	1304	906	806	692	779	644	1034	873	956.8894622459198	631.7803855542221	621.3488899404099	1006.652035029825	835.2227321973603	1055.2735756210157	795.2047956022864	723.2771376955989	665.9092121720087	983.2888521773832	947.541849276291
ENSDARG00000100872	1.202799486212766e-6	5.712750832471451e-4	1.8410587553936153	24	9298198	9299478	1	protein_coding	otud1	OTU deubiquitinase 1 [Source:ZFIN;Acc:ZDB-GENE-170421-2]	215	40	57	267	133	293	49	61	81	138	204	188.39856628468203	57.045633007153235	40.61569578738918	206.11663600687368	122.60995958305621	383.6168209143394	56.30785402386132	56.63659229708797	83.75566177939861	131.23197446854826	221.41871392023296
ENSDARG00000069615	1.548994731814622e-6	7.193531534547105e-4	-0.5120667541251562	10	3111004	3129887	1	protein_coding	ckmt2a	creatine kinase, mitochondrial 2a (sarcomeric) [Source:ZFIN;Acc:ZDB-GENE-030131-5717]	1913	1508	3362	2046	1662	1436	1637	1978	1788	1582	1442	1676.309103733008	2150.6203643696767	2395.613495389516	1579.4555702998634	1532.1635550905219	1880.1152042081617	1881.141980348183	1836.511140387541	1848.8286822415396	1504.4129247046617	1565.126399377333
ENSDARG00000052917	1.71382876405035e-6	7.785998589374828e-4	-1.046856435069801	17	45577326	45599190	1	protein_coding	si:ch211-202f3.3	si:ch211-202f3.3 [Source:ZFIN;Acc:ZDB-GENE-080917-19]	321	473	510	279	273	190	350	414	455	307	274	281.2834408250369	674.564610309587	363.4035938871663	215.38030504089048	251.6730749336417	248.76176100247267	402.1989573132951	384.3860526392528	470.47933468674523	291.9435953756834	297.39572359874427
ENSDARG00000020242	3.0130274739482977e-6	0.0013397074074589686	0.8280977606779688	17	50701748	50787754	1	protein_coding	fermt2	fermitin family member 2 [Source:NCBI gene;Acc:553051]	243	84	157	259	218	104	112	151	124	169	123	212.9341935217569	119.79582931502179	111.8713024319316	199.9408566508625	200.9697081887688	136.16433233819555	128.70366634025444	140.19877765344728	128.2185439585855	160.71162090713517	133.50245986366988
ENSDARG00000090337	5.615586053931814e-6	0.0024448857782305637	0.5439366425470434	13	12007904	12021566	-1	protein_coding	pprc1	PPARG related coactivator 1 [Source:ZFIN;Acc:ZDB-GENE-030131-9858]	969	411	872	1204	940	588	459	699	640	742	636	849.1079568830553	586.1438791484995	621.3488899404099	929.454793079685	866.5666316396454	769.8521866813364	527.4552040194355	648.9996396010572	661.7731301088285	705.609601852629	690.3054022219028
ENSDARG00000098379	8.042458188636256e-6	0.003375837295084804	1.3056381367427763	7	18721547	18730474	-1	protein_coding	C7H4orf54	si:dkey-38l22.2 [Source:ZFIN;Acc:ZDB-GENE-141216-433]	127	24	66	153	85	59	48	66	42	101	75	111.28659496816101	34.22737980429194	47.028700385398	118.11178018371413	78.35974860571261	77.2470731533994	55.15871414582333	61.27893592799682	43.42886166339187	96.04659000958966	81.40393894126213
ENSDARG00000101205	8.076938690508192e-6	0.003375837295084804	-0.858218183641625	8	7875110	7912936	1	protein_coding	mbd1a	methyl-CpG binding domain protein 1a [Source:ZFIN;Acc:ZDB-GENE-030131-4214]	201	184	384	204	119	110	223	241	252	153	152	176.1307526661446	262.40991183290487	273.6215295150429	157.48237357828552	109.70364804799766	144.01996689616837	256.2581928024709	223.76096300980657	260.5731699803512	145.4963195194774	164.97864958762457
ENSDARG00000052515	8.497595246664427e-6	0.003482014616956729	1.2099307056686033	12	20641102	20652923	1	protein_coding	calcoco2	calcium binding and coiled-coil domain 2 [Source:ZFIN;Acc:ZDB-GENE-050522-346]	261	76	145	411	202	184	70	115	101	147	141	228.70709674559075	108.38670271359115	103.32062963458651	317.2806644150752	186.2196378629876	240.90612644449985	80.43979146265902	106.77390351090355	104.4360720952995	139.79058149910574	153.03940520957278
ENSDARG00000011583	9.73049238075536e-6	0.003910535187942798	-0.48602009922391864	18	15106518	15129696	1	protein_coding	cry1b	cryptochrome circadian regulator 1b [Source:ZFIN;Acc:ZDB-GENE-010426-3]	746	638	1236	801	699	692	780	918	879	782	688	653.6992113877805	909.8778464640941	880.7192981265442	618.349908020621	644.3936973575661	906.016519019532	896.3291048696291	852.3342906348648	908.9040333838441	743.6478553217734	746.7454665545112
ENSDARG00000095351	1.0862723525345246e-5	0.004217174636689998	-1.0179322163212126	8	44340504	44344742	-1	processed_transcript	CU914776.1	NA	241	241	770	363	187	172	182	219	179	171	199	211.1816487191087	343.69993886809823	548.6681711629766	280.22598827900805	172.39144693256776	225.19485732855418	209.14345780291345	203.33465103380763	185.08967232731297	162.6135335805924	215.99178465748216
ENSDARG00000086838	1.089709208447028e-5	0.004217174636689998	2.1219637018816915	10	8869468	8884205	1	protein_coding	itga2.3	integrin, alpha 2 (CD49B, alpha 2 subunit of VLA-2 receptor), tandem duplicate 3 [Source:ZFIN;Acc:ZDB-GENE-091204-176]	70	11	23	131	51	94	17	50	56	71	64	61.33906809268717	15.687549076967139	16.388789528244757	101.12838695468334	47.01584916342757	123.07160807490753	19.53537792664576	46.4234363090885	57.90514888452249	67.51789990773135	69.46469456321034
ENSDARG00000058285	1.1321543553453817e-5	0.004301774857819597	-0.6233970630974053	18	8340886	8367566	1	protein_coding	cpt1b	carnitine palmitoyltransferase 1B (muscle) [Source:ZFIN;Acc:ZDB-GENE-041010-9]	335	347	523	345	300	238	399	487	423	361	310	293.5512544435743	494.8708663370543	372.66682275095684	266.3304847279828	276.56381860839747	311.60683746625523	458.5068113371564	452.164269650522	437.3906781813038	343.2952375590284	336.4696142905501
ENSDARG00000036414	1.1757701854967937e-5	0.004387722381519999	0.4450722258822675	7	20147202	20225261	1	protein_coding	si:ch73-335l21.1	si:ch73-335l21.1 [Source:ZFIN;Acc:ZDB-GENE-130530-591]	1472	656	1351	1698	1387	1166	1123	1258	1066	1376	1316	1289.8729747490788	935.548381317313	962.6632457677681	1310.8091683133764	1278.6467213661576	1526.6116490993847	1290.4840830366584	1168.0136575366666	1102.2658698375174	1308.515919338568	1428.3677819560128
ENSDARG00000001993	1.349251118952732e-5	0.004946780681381438	0.8245925361204652	6	40745437	40756138	-1	protein_coding	myhb	myosin, heavy chain b [Source:ZFIN;Acc:ZDB-GENE-081124-1]	4147	1483	3727	7135	3840	4124	2456	3381	3251	4622	5943	3633.901648291053	2114.966843740206	2655.6964596420958	5508.0232131424855	3540.0168781874877	5399.439486179986	2822.2875404612937	3139.1527632205643	3361.6006968496895	4395.3201883596375	6450.44812170561
ENSDARG00000052734	1.6365038320564217e-5	0.0058964926003991554	1.0248488826831654	5	50972485	50992775	-1	protein_coding	hmgcra	3-hydroxy-3-methylglutaryl-CoA reductase a [Source:ZFIN;Acc:ZDB-GENE-040401-2]	2196	395	1234	1819	1181	167	317	492	393	382	277	1924.294193307729	563.3256259456382	879.2941859936534	1404.2178310730458	1088.7395659217248	218.64849519691018	364.2773413380416	456.8066132814308	406.37006270745246	363.2653206303292	300.6518811563948
ENSDARG00000105630	2.430430963924505e-5	0.008608668861710899	1.069440841056673	7	30109990	30127082	-1	protein_coding	alpk3b	alpha-kinase 3b [Source:ZFIN;Acc:ZDB-GENE-121101-3]	131	41	75	162	119	56	55	89	62	70	88	114.79168457345742	58.47177383233206	53.441704983406815	125.05953195922672	109.70364804799766	73.31925587441299	63.20269329208923	82.63371663017753	64.10927197929276	66.56694357100274	95.51395502441422
ENSDARG00000005749	2.4777716829474705e-5	0.00863007877170604	0.687965083306509	22	31045277	31060579	-1	protein_coding	cand2	cullin-associated and neddylation-dissociated 2 (putative) [Source:ZFIN;Acc:ZDB-GENE-060503-645]	646	235	550	810	622	477	487	416	400	700	502	566.0719712553702	335.1430939170252	391.9058365449833	625.2976597961336	573.4089839147441	624.5229473588392	559.6311206044992	386.2429900916163	413.6082063180178	665.6694357100273	544.8636979801811
ENSDARG00000012381	2.5610197840188944e-5	0.008740282560472101	0.5726768026564026	15	37834594	37850969	-1	protein_coding	hsc70	heat shock cognate 70 [Source:ZFIN;Acc:ZDB-GENE-040426-1221]	3793	1820	3163	5477	3530	3497	2799	2905	2937	4279	3412	3323.7012182223207	2595.576301825472	2253.8148381668766	4228.092941609165	3254.234265625477	4578.525674871826	3216.442518628323	2697.201649558042	3036.918254890046	4069.1421648617243	3703.3365289011513
ENSDARG00000098890	2.5930592341337463e-5	0.008740282560472101	1.6505757946754336	23	42414652	42428299	1	protein_coding	cyp2aa9	cytochrome P450, family 2, subfamily AA, polypeptide 9 [Source:ZFIN;Acc:ZDB-GENE-080724-3]	77	19	40	97	131	120	107	122	56	139	76	67.4729749019559	27.096675678397787	28.502242657816968	74.88132469163575	120.76620079233356	157.1126911594564	122.9579669500645	113.27318459417594	57.90514888452249	132.18293080527687	82.48932479381229
ENSDARG00000062662	2.7153834510453168e-5	0.009007314819038895	0.9099785887733851	23	13814978	13822642	1	protein_coding	lmod3	leiomodin 3 (fetal) [Source:NCBI gene;Acc:100149390]	348	130	241	489	348	244	139	205	227	287	176	304.9427956607876	185.398307273248	171.72601201334723	377.49451313618437	320.814029585741	319.462472024228	159.73044304728006	190.33608886726284	234.7226570854751	272.9244686411112	191.02791004882843
ENSDARG00000022832	3.0319401005276283e-5	0.009900231909504122	-0.6776121454260334	17	20231801	20236309	-1	protein_coding	bnip4	BCL2 interacting protein 4 [Source:ZFIN;Acc:ZDB-GENE-051113-212]	161	170	301	187	152	138	219	239	224	157	158	141.07985661318048	242.44394028040125	214.47937600007268	144.3588424467617	140.12566809492137	180.67959483337486	251.66163329031895	221.90402555744302	231.62059553808996	149.30014486639183	171.49096470292554
ENSDARG00000099974	3.5303012191293884e-5	0.01127498563804555	0.5061998004483036	12	26023948	26064562	-1	protein_coding	ldb3b	LIM domain binding 3b [Source:ZFIN;Acc:ZDB-GENE-030131-6032]	5582	2698	5053	7932	5256	4528	4191	4623	4333	5323	4468	4891.35254419114	3847.7279463324858	3600.5458037487283	6123.285231485101	4845.398102019123	5928.385546416822	4816.0452288572	4292.310921138323	4480.410894939928	5061.940580406394	4849.503989194122
ENSDARG00000053773	3.560862532830923e-5	0.01127498563804555	0.8365445331286019	17	27434626	27447527	1	protein_coding	vgll2b	vestigial-like family member 2b [Source:ZFIN;Acc:ZDB-GENE-050809-113]	250	93	165	330	207	201	95	143	110	200	211	219.06810033102562	132.63109674163127	117.57175096349499	254.75089843546183	190.82903483979425	263.1637576920895	109.16828841360868	132.7710278439931	113.7422567374549	190.19126734572208	229.01641488808409
ENSDARG00000093738	3.8322644738321586e-5	0.011953233279723051	3.0615626976945	25	17860798	17861696	1	protein_coding	pth1a	parathyroid hormone 1a [Source:ZFIN;Acc:ZDB-GENE-040623-1]	46	1	6	22	25	14	10	9	9	19	13	40.30853046090871	1.4261408251788308	4.275336398672545	16.98339322903079	23.046984884033122	18.329813968603247	11.49139878037986	8.35621853563593	9.3061846421554	18.0681703978436	14.1100160831521
ENSDARG00000039486	4.42955294778574e-5	0.013613058456297998	0.7462325709414583	13	25486608	25498661	1	protein_coding	bag3	BCL2 associated athanogene 3 [Source:ZFIN;Acc:ZDB-GENE-040801-40]	455	182	286	537	370	337	186	247	275	348	393	398.7039426024666	259.5576301825472	203.7910350033913	414.54918927225157	341.0953762836902	441.2248076728068	213.74001731506542	229.33177536689718	284.3556418436372	330.93280518155643	426.55664005221354
ENSDARG00000005670	4.523181336997708e-5	0.013699339649359144	1.0521247031698524	17	45216084	45254585	-1	protein_coding	ttbk2a	tau tubulin kinase 2a [Source:ZFIN;Acc:ZDB-GENE-120928-3]	272	81	154	302	247	162	125	161	94	141	99	238.34609316015587	115.5174068394853	109.73363423259532	233.13567068942265	227.70421065424725	212.10213306526614	143.64248475474827	149.48346491526496	97.19792848473418	134.0848434787341	107.453199402466
ENSDARG00000053500	5.489485564035568e-5	0.016388467045316473	1.0160893143156233	1	29068649	29093562	1	protein_coding	cbsa	cystathionine beta-synthase a [Source:ZFIN;Acc:ZDB-GENE-050417-367]	692	276	357	848	751	270	256	305	283	400	158	606.3805017162789	393.6148677493573	254.38251572101643	654.6326117371868	692.331425916355	353.50355510877694	294.1798087777244	283.1829614854399	292.6278059699976	380.38253469144416	171.49096470292554
ENSDARG00000039117	6.212755217938309e-5	0.01828650120344715	-0.34592896144440516	12	19144833	19153177	-1	protein_coding	tefa	TEF transcription factor, PAR bZIP family member a [Source:ZFIN;Acc:ZDB-GENE-990415-264]	2769	2307	4301	3372	2671	1947	3189	3400	3366	2775	2389	2426.3982792664397	3290.106883687563	3064.7036417817694	2603.090998558719	2462.3398650100985	2549.15341406218	3664.6070710631375	3156.793669018018	3480.5130561661194	2638.903834421894	2592.986801742336
ENSDARG00000009862	7.14428401853118e-5	0.020540348548822272	-0.7767221449121229	10	39283985	39294725	1	protein_coding	dcps	decapping enzyme, scavenger [Source:ZFIN;Acc:ZDB-GENE-040311-1]	215	213	417	229	174	111	264	259	344	210	134	188.39856628468203	303.767995763091	297.1358797077419	176.78168406582049	160.4070147928705	145.3292393224972	303.3729278020283	240.47340008107844	355.7030574334953	199.7008307130082	145.44170424172165
ENSDARG00000038668	7.240392824293535e-5	0.020540348548822272	1.0350446804435824	2	42020915	42035307	-1	protein_coding	gbp1	guanylate binding protein 1 [Source:ZFIN;Acc:ZDB-GENE-040718-32]	116	42	95	204	147	93	57	66	46	121	86	101.64759855359588	59.897914657510896	67.69282631231529	157.48237357828552	135.51627111811476	121.76233564857873	65.5009730481652	61.27893592799682	47.56494372657205	115.06571674416186	93.3431833193139
ENSDARG00000058656	7.273355309660485e-5	0.020540348548822272	1.2408744095206568	9	7515864	7539326	-1	protein_coding	desma	desmin a [Source:ZFIN;Acc:ZDB-GENE-980526-221]	6930	2363	3745	11636	6884	8126	3281	3505	3579	6147	5647	6072.56774117603	3369.970769897577	2668.5224688381136	8982.671073318284	6346.21775766736	10639.147736347857	3770.327939842632	3254.2828852671037	3700.759426030464	5845.528601870768	6129.173909350762
ENSDARG00000060238	8.036171914158878e-5	0.022391989421612295	0.48658043240658483	7	33798131	33869011	-1	protein_coding	uacab	uveal autoantigen with coiled-coil domains and ankyrin repeats b [Source:ZFIN;Acc:ZDB-GENE-030521-32]	2078	1062	1803	2824	2025	1908	1285	1530	1247	2157	2154	1820.894049951485	1514.5615563399183	1284.7385878010998	2180.0501126719523	1866.8057756066828	2498.091789435357	1476.644743278812	1420.557151058108	1289.4235831964204	2051.2128183236127	2337.9211263930483
ENSDARG00000020594	8.915954624347877e-5	0.024516528913108147	0.5192042695472772	20	36845787	36887516	-1	protein_coding	txlnba	taxilin beta a [Source:ZFIN;Acc:ZDB-GENE-030131-322]	1490	728	1452	2264	1519	1326	1195	1314	1177	1876	1382	1305.6458779729126	1038.2305207301888	1034.631408478756	1747.7455577511685	1400.3348015538525	1736.0952373119933	1373.2221542553932	1220.0079062028458	1217.0421470907672	1783.9940877028732	1500.0032482243234
ENSDARG00000008487	9.610099696043488e-5	0.026082060188041142	0.37531619265661303	1	10824351	11075405	-1	protein_coding	dmd	dystrophin [Source:ZFIN;Acc:ZDB-GENE-010426-1]	1523	731	1619	2024	1504	1214	1087	1328	1213	1625	1483	1334.562867216608	1042.5089432057252	1153.6282715751418	1562.4721770708327	1386.5066106234326	1589.4567255631673	1249.1150474272908	1233.0064683693906	1254.266885659389	1545.304047183992	1609.6272193318896
ENSDARG00000058799	1.1330868705608312e-4	0.030358012078179807	0.4821536846023655	23	6077503	6126003	1	protein_coding	mybpha	myosin binding protein Ha [Source:ZFIN;Acc:ZDB-GENE-040426-1531]	861	444	711	1055	869	544	603	653	672	700	571	754.4705375400522	633.2065263794009	506.62736324269656	814.4309025739765	801.1131945689913	712.244199922869	692.9313464569055	606.2900781966958	694.8617866142699	665.6694357100273	619.7553218061423
ENSDARG00000067848	1.1720994397134618e-4	0.031005739355863197	0.4609482010866089	2	55982300	55990329	1	protein_coding	nmrk2	nicotinamide riboside kinase 2 [Source:ZFIN;Acc:ZDB-GENE-040912-44]	1312	667	1091	1561	1298	828	861	1264	1043	962	913	1149.6693905372224	951.2359303942802	777.3986684919578	1205.0489468416847	1196.5994551789997	1084.0775690002492	989.409434990706	1173.5844698937574	1078.4833979742314	914.8199959329232	990.9572833782976
ENSDARG00000036968	1.2031870097027717e-4	0.03143025266096065	-1.0539307750614308	17	53292215	53295507	1	protein_coding	si:ch1073-416d2.3	si:ch1073-416d2.3 [Source:ZFIN;Acc:ZDB-GENE-131127-199]	68	100	184	83	80	83	136	87	118	159	100	59.58652329003897	142.61408251788308	131.11031622595806	64.07371081861616	73.75035162890599	108.66961138529068	156.2830234131661	80.77677917781399	122.01442086381525	151.20205753984908	108.53858525501616
ENSDARG00000069834	1.2756297021947484e-4	0.03291124631662451	-1.5807067066718337	1	32097179	32111924	-1	protein_coding	pnpla4	patatin-like phospholipase domain containing 4 [Source:ZFIN;Acc:ZDB-GENE-070410-74]	16	33	52	19	14	19	44	50	39	30	48	14.02035842118564	47.06264723090142	37.05291545516206	14.667475970526592	12.906311535058547	24.876176100247264	50.56215463367138	46.4234363090885	40.32680011600674	28.528690101858313	52.09852092240776
ENSDARG00000044975	1.3637042687295248e-4	0.03475450220476781	-0.4560155407776087	11	11468566	11471857	-1	protein_coding	krt94	keratin 94 [Source:ZFIN;Acc:ZDB-GENE-061027-116]	1194	1110	2275	1717	1227	1067	1335	1678	1636	1216	1116	1046.2692471809783	1583.0163159485023	1621.06505116334	1325.476644283903	1131.1460181083455	1396.9936788928333	1534.1017371807113	1557.9705225330101	1691.6575638406928	1156.3629054619903	1211.2906114459804
ENSDARG00000021789	1.450753988127777e-4	0.036527538366137695	-0.5148149096922577	20	15015557	15021628	1	protein_coding	myoc	myocilin [Source:ZFIN;Acc:ZDB-GENE-050425-2]	560	590	878	657	577	460	629	805	610	647	583	490.71254474149737	841.4230868555102	625.6242263390824	507.1858796124195	531.9244111234844	602.2653161112496	722.8089832858932	747.4173245763249	630.7525146349772	615.268749863411	632.7799520367442
ENSDARG00000069074	1.485049184543937e-4	0.036945902212618086	-0.372945004819363	8	21225064	21252659	1	protein_coding	cry3a	cryptochrome circadian regulator 3a [Source:ZFIN;Acc:ZDB-GENE-010426-4]	2439	1863	3739	2654	2145	1764	2343	2856	2169	2658	2108	2137.2283868294858	2656.900357308162	2664.247132439441	2048.8148013567143	1977.4313030500418	2309.556560044009	2692.4347342430015	2651.7066819751353	2242.7904987594516	2527.6419430246465	2287.9933771757405
ENSDARG00000045306	1.531100701500477e-4	0.03764346171759643	0.5060923030853749	24	24961899	24983047	-1	protein_coding	slc51a	solute carrier family 51 alpha subunit [Source:NCBI gene;Acc:447807]	559	219	547	683	535	340	425	559	470	413	337	489.83627234017325	312.32484071416394	389.76816834564704	527.2571625194558	493.2054765183088	445.15262495179314	488.38444816614407	519.0140179356094	485.9896424236709	392.74496706891614	365.7750323094045
ENSDARG00000060797	1.5552785505340094e-4	0.03779326877797643	-0.9173227284685725	6	39737408	39765546	-1	protein_coding	pfkmb	phosphofructokinase, muscle b [Source:ZFIN;Acc:ZDB-GENE-081114-1]	447	526	630	411	259	248	326	605	397	459	337	391.6937633918738	750.150074044065	448.9103218606172	317.2806644150752	238.76676339858315	324.69956172954323	374.6196002403834	561.7235793399708	410.50614477063266	436.4889585584322	365.7750323094045
ENSDARG00000046098	1.6004226403602186e-4	0.03844325556120442	0.8229197990541017	23	19147128	19153408	-1	protein_coding	ebp	EBP cholestenol delta-isomerase [Source:ZFIN;Acc:ZDB-GENE-040718-12]	395	102	283	380	317	74	109	218	163	127	85	346.1275985230205	145.46636416824074	201.65336680405505	293.3495194105318	292.23576832954	96.88615954833145	125.25624670614047	202.40618230762587	168.54534407459224	120.77145476453353	92.25779746676373
ENSDARG00000033832	1.8080465845023876e-4	0.04259012974806954	0.5034732312717115	8	11080571	11112058	-1	protein_coding	ampd1	adenosine monophosphate deaminase 1 (isoform M) [Source:ZFIN;Acc:ZDB-GENE-040426-1906]	13385	6930	10124	16515	12859	13287	11438	11280	10578	15746	14873	11728.90609172311	9883.155918489298	7213.917616693474	12749.124508065614	11854.447144951277	17396.30272863081	13143.861924998484	10473.127231330365	10937.86901607998	14973.7584781287	16142.943784978554
ENSDARG00000002084	1.8281951181429467e-4	0.04259012974806954	0.32812374202355526	23	20180159	20258490	-1	protein_coding	lamb2	laminin, beta 2 (laminin S) [Source:ZFIN;Acc:ZDB-GENE-081030-4]	1977	982	1922	2200	1934	1106	1210	1375	1181	1574	1455	1732.3905374177505	1400.4702903256118	1369.5327597081052	1698.339322903079	1782.9147506288023	1448.0553035196567	1390.459252425963	1276.6444984999337	1221.1782291539475	1496.8052740108328	1579.2364154604852
ENSDARG00000088711	1.8342002475482146e-4	0.04259012974806954	-1.123381631591051	3	28939759	28946756	1	protein_coding	lgals1l1	lectin, galactoside-binding, soluble, 1 (galectin 1)-like 1 [Source:ZFIN;Acc:ZDB-GENE-030131-4905]	2177	3810	3961	2394	2089	1431	2695	2261	3084	1379	1707	1907.645017682571	5433.596543931346	2822.434579190325	1848.1019722863505	1925.8060569098077	1873.5688420765177	3096.9319713123723	2099.267789896982	3188.9192707119173	1311.368788348754	1852.7536503031258
ENSDARG00000043562	1.8604189119854732e-4	0.042724213651288374	-0.8191965942701197	17	23549117	23552068	1	protein_coding	zgc:65997	zgc:65997 [Source:ZFIN;Acc:ZDB-GENE-040426-1502]	99	125	199	141	79	95	187	186	165	113	108	86.75096773108615	178.26760314735387	141.7986572226394	108.84811114969733	72.82847223354466	124.38088050123633	214.8891571931034	172.69518306980922	170.61338510618233	107.45806605033299	117.22167207541746
ENSDARG00000041140	1.9047036732177403e-4	0.043265758003156886	-0.5850574021488585	18	20468157	20482855	1	protein_coding	ddb2	damage-specific DNA binding protein 2 [Source:NCBI gene;Acc:100004133]	269	244	539	327	267	211	318	312	324	224	199	235.71727595618356	347.97836134363473	384.0677198140836	252.43498117695765	246.14179856147373	276.2564819553775	365.42648121607954	289.68224256871224	335.02264711759443	213.01421942720876	215.99178465748216
ENSDARG00000001431	1.9719502108539398e-4	0.043856065377971744	0.3968598712533105	7	6969909	7133475	1	protein_coding	actn3b	actinin alpha 3b [Source:ZFIN;Acc:ZDB-GENE-030131-2040]	13832	7164	11826	16602	12867	9119	9032	11480	9891	13550	9608	12120.599855114984	10216.872871581145	8426.688041783586	12816.286108562235	11861.822180114166	11939.255255692358	10379.03137843909	10658.82097656672	10227.496921728785	12885.458362672673	10428.387271301952
ENSDARG00000029019	1.97266252537532e-4	0.043856065377971744	0.9071345480600084	16	26449615	26488169	1	protein_coding	epb41b	erythrocyte membrane protein band 4.1b [Source:ZFIN;Acc:ZDB-GENE-030130-1]	194	63	194	371	212	162	244	369	281	268	262	169.99684585687586	89.84687198626635	138.2358768904123	286.4017676350192	195.43843181660088	212.10213306526614	280.3901302412686	342.6049599610731	290.5597649384075	254.85629824326762	284.37109336814234
ENSDARG00000079347	2.2233570947696648e-4	0.048832560568932454	-1.161249016679537	3	472158	474844	1	protein_coding	zgc:194659	zgc:194659 [Source:ZFIN;Acc:ZDB-GENE-081022-139]	174	183	291	108	84	182	213	192	197	159	101	152.4713978303938	260.98377100772603	207.35381533561844	83.37302130615114	77.4378692103513	238.28758159184224	244.76679402209103	178.26599542689985	203.70204161162377	151.20205753984908	109.62397110756632
ENSDARG00000053526	2.263346976218636e-4	0.048832560568932454	0.8502021091265897	12	32413524	32421046	-1	protein_coding	enpp7.1	ectonucleotide pyrophosphatase/phosphodiesterase 7, tandem duplicate 1 [Source:ZFIN;Acc:ZDB-GENE-040724-13]	1088	387	708	1138	1109	308	424	544	936	354	395	953.3843726406235	551.9164993442075	504.4896950433603	878.5046133925927	1022.3642494557092	403.25590730927144	487.23530828810607	505.08698704288287	967.8432027841616	336.6385432019281	428.72741175731386
ENSDARG00000103025	2.2666084674066646e-4	0.048832560568932454	1.0943091108311267	10	6010570	6034397	1	protein_coding	hmgcs1	3-hydroxy-3-methylglutaryl-CoA synthase 1 (soluble) [Source:ZFIN;Acc:ZDB-GENE-040426-1042]	4177	685	2256	3235	2311	440	580	1005	765	721	536	3660.189820330776	976.9064652474991	1607.5264859008769	2497.3307770870274	2130.4632826800216	576.0798675846735	666.5011292620319	933.1110698126788	791.025694583209	685.6395187813282	581.7668169668866
ENSDARG00000000380	2.3198906840481292e-4	0.04947048521963041	-0.6713618387861267	14	25005403	25035010	-1	protein_coding	pde6a	phosphodiesterase 6A, cGMP-specific, rod, alpha [Source:ZFIN;Acc:ZDB-GENE-030616-42]	271	277	444	276	234	317	309	471	302	343	286	237.46982075883176	395.04100857453614	316.3748935017683	213.06438778238626	215.71977851455003	415.0393591462307	355.0842223137377	437.3087700316137	312.2741957701034	326.1780234979134	310.4203538293462
