Gene	pval	adjp	log2fc	Chr	Start	End	Strand	Biotype	Name	Description	srpk3_wt_ttnb_het_1 count	srpk3_wt_ttnb_het_2 count	srpk3_wt_ttnb_het_3 count	srpk3_wt_ttnb_het_7 count	srpk3_wt_ttnb_het_8 count	srpk3_wt_ttnb_het_9 count	srpk3_wt_ttnb_wt_2 count	srpk3_wt_ttnb_wt_3 count	srpk3_wt_ttnb_wt_4 count	srpk3_wt_ttnb_wt_5 count	srpk3_wt_ttnb_wt_6 count	srpk3_wt_ttnb_wt_7 count	srpk3_wt_ttnb_het_1 normalised count	srpk3_wt_ttnb_het_2 normalised count	srpk3_wt_ttnb_het_3 normalised count	srpk3_wt_ttnb_het_7 normalised count	srpk3_wt_ttnb_het_8 normalised count	srpk3_wt_ttnb_het_9 normalised count	srpk3_wt_ttnb_wt_2 normalised count	srpk3_wt_ttnb_wt_3 normalised count	srpk3_wt_ttnb_wt_4 normalised count	srpk3_wt_ttnb_wt_5 normalised count	srpk3_wt_ttnb_wt_6 normalised count	srpk3_wt_ttnb_wt_7 normalised count
ENSDARG00000097157	9.026792925015399e-16	2.2385543774745687e-11	1.9023225791235094	15	29593547	29598679	-1	protein_coding	si:ch211-207n23.2	si:ch211-207n23.2 [Source:ZFIN;Acc:ZDB-GENE-131121-310]	752	325	628	543	561	774	119	166	125	202	209	296	844.3020726944944	405.375077177248	973.3421529071593	466.4689177766822	565.8445135146703	599.919967417609	150.03793062090085	171.21347563711512	89.4899292201432	226.60634648367676	154.18616678066465	239.99555846592006
ENSDARG00000074390	3.0414435103710444e-15	3.771237880684577e-11	0.9957810377393252	16	46649469	46664465	-1	protein_coding	tmem176l.4	transmembrane protein 176l.4 [Source:ZFIN;Acc:ZDB-GENE-030131-3532]	1956	1214	1599	2124	1761	2170	788	1064	1093	963	1118	1203	2196.0835827000415	1514.2318267482433	2478.3027109849486	1824.6408496458066	1776.2071092679757	1681.9461618814103	993.5284817585703	1097.4164944451234	782.4999411009321	1080.306493385053	824.7853323482443	975.3873541706142
ENSDARG00000109626	6.121091043865791e-15	5.059897893227592e-11	2.628220621339724	12	46283843	46315898	-1	protein_coding	si:ch211-226h7.3	si:ch211-226h7.3 [Source:ZFIN;Acc:ZDB-GENE-130531-9]	284	72	122	124	198	183	29	25	17	26	22	62	318.85876149632503	89.80617094388263	189.08876218897043	106.52328877404898	199.70982829929542	141.84154268400835	36.56386544542962	25.785161993541436	12.170630373939474	29.16715350779998	16.230122819017332	50.269339948942715
ENSDARG00000103199	9.980755454732716e-13	6.187818863047916e-9	2.109555344205022	16	23339062	23346095	-1	protein_coding	si:dkey-247k7.2	si:dkey-247k7.2 [Source:ZFIN;Acc:ZDB-GENE-031118-45]	1852	908	1580	1563	1299	2140	338	485	215	361	427	631	2079.3184024337816	1132.555600236742	2448.8544611358466	1342.7088738212785	1310.2175099029532	1658.693449965999	426.15815588121416	500.2321426747038	153.9226782586463	404.97470831983816	315.0119292600182	511.6121533513363
ENSDARG00000077982	6.0185112229557595e-12	2.985061196361598e-8	1.2105856445737084	22	661505	665371	1	protein_coding	elf3	E74-like factor 3 (ets domain transcription factor, epithelial-specific ) [Source:ZFIN;Acc:ZDB-GENE-030131-8760]	585	417	571	699	487	918	269	250	263	343	375	280	656.8041389977117	520.1274067166536	884.9974033598535	600.4820875246793	491.20548677654983	711.5329846115828	339.16137258001953	257.85161993541436	188.28681107918126	384.78206358366896	276.6498207787045	227.02282557587031
ENSDARG00000101040	9.489413088934667e-12	3.922132586541514e-8	3.9911585650643047	2	45191049	45193014	1	protein_coding	ccl20a.3	chemokine (C-C motif) ligand 20a, duplicate 3 [Source:ZFIN;Acc:ZDB-GENE-081022-193]	21	13	35	20	18	25	2	0	1	3	2	2	23.577584476840933	16.21500308708992	54.24677603781939	17.181175608717577	18.155438936299582	19.377259929509336	2.5216458927882495	0	0.7159194337611455	3.365440789361536	1.4754657108197573	1.6215916112562165
ENSDARG00000062221	1.352237641391128e-11	4.790591609836941e-8	1.1223930762027499	5	23888314	23909934	-1	protein_coding	arap1a	ArfGAP with RhoGAP domain, ankyrin repeat and PH domain 1a [Source:ZFIN;Acc:ZDB-GENE-030131-6226]	318	160	258	292	282	374	124	129	152	127	152	205	357.03199350644843	199.56926876418362	399.87623479306865	250.8451638872766	284.4352100020268	289.88380854545966	156.34204535287148	133.0514358866738	108.81975393169412	142.47032674963836	112.13539402230155	166.2131401537622
ENSDARG00000069566	3.220775294416595e-11	9.984000815779642e-8	2.2421143885177437	1	45149844	45157243	-1	protein_coding	mucms1	mucin, multiple PTS and SEA group, member 1 [Source:ZFIN;Acc:ZDB-GENE-061009-17]	75	43	30	34	35	87	5	12	8	11	14	24	84.20565884586048	53.63424098037435	46.49723660384519	29.207998534819883	35.302242376138075	67.43286455469249	6.304114731970624	12.376877756899889	5.727355470089164	12.339949560992299	10.328259975738302	19.459099335074598
ENSDARG00000098256	4.2786981275139506e-10	1.131109269954379e-6	1.4075758007900379	12	43730276	43819253	-1	protein_coding	si:ch73-329n5.6	si:ch73-329n5.6 [Source:ZFIN;Acc:ZDB-GENE-131121-171]	936	625	367	415	815	657	238	328	278	156	336	346	1050.8866223963387	779.5674561100923	568.8161944537062	356.5093938808897	822.0379296157867	509.23439094750535	300.0758612418017	338.3013253552636	199.02560258559845	175.00292104679988	247.87823941771924	280.5353487473255
ENSDARG00000113315	4.561108391283435e-10	1.131109269954379e-6	2.4858276677199815	12	46098784	46112892	-1	protein_coding	zgc:153932	zgc:153932 [Source:ZFIN;Acc:ZDB-GENE-070209-223]	333	69	278	119	193	275	33	53	41	32	55	59	373.8731252756205	86.06424715455418	430.8743925289654	102.22799487186958	194.66665081698997	213.1498592246027	41.60715723100611	54.664543426307844	29.352696784206966	35.89803508652305	40.575307047543326	47.83695253205839
ENSDARG00000054160	3.538072304634098e-9	7.976423189329182e-6	2.991329770016525	10	40786196	40819136	-1	protein_coding	zgc:113625	zgc:113625 [Source:ZFIN;Acc:ZDB-GENE-050320-47]	59	11	54	23	36	80	11	5	2	8	7	3	66.24178495874358	13.720387227537625	83.69502588692134	19.758351950025215	36.310877872599164	62.007231774429876	13.869052410335373	5.157032398708287	1.431838867522291	8.974508771630763	5.164129987869151	2.4323874168843247
ENSDARG00000088641	4.666848042980031e-9	9.644430384821816e-6	2.6771856011714106	19	40196462	40199098	-1	protein_coding	grn2	granulin 2 [Source:ZFIN;Acc:ZDB-GENE-050522-264]	301	235	165	157	219	416	57	70	12	37	25	42	337.9453775013867	293.1173634973947	255.73480132114855	134.87222852843297	220.89117372497824	322.43760522703536	71.86690794446511	72.19845358191601	8.591033205133746	41.507103068792276	18.443321385246968	34.053423836380546
ENSDARG00000062788	8.690295925504965e-9	1.657774220435366e-5	2.5182231681225313	14	11427052	11430610	-1	protein_coding	irg1l	immunoresponsive gene 1, like [Source:ZFIN;Acc:ZDB-GENE-061103-301]	970	109	780	552	437	659	110	104	175	70	180	112	1089.0598544064621	135.9565643456001	1208.928151699975	474.2004468006051	440.7737119534954	510.7845717418661	138.6905241033537	107.26627389313236	125.28590090820047	78.52695175176918	132.79191397377815	90.80913023034813
ENSDARG00000104919	1.5120021473678518e-8	2.6285701358334975e-5	2.8918022544220037	14	11430796	11438060	1	protein_coding	si:ch211-153b23.3	si:ch211-153b23.3 [Source:ZFIN;Acc:ZDB-GENE-141216-408]	617	42	495	261	268	384	35	55	70	39	98	53	692.7318867719455	52.3869330505982	767.2044039634457	224.21434169376437	270.31431305157156	297.6347125172634	44.12880312379436	56.727356385791154	50.114360363280184	43.75073026169997	72.29781983016811	42.97217769828974
ENSDARG00000074749	1.589925079136355e-8	2.6285701358334975e-5	-0.5028561772663448	9	40685613	40765868	-1	protein_coding	abca12	ATP-binding cassette, sub-family A (ABC1), member 12 [Source:ZFIN;Acc:ZDB-GENE-030131-9790]	1067	1076	738	1025	1042	1420	1299	1543	2013	1440	2180	1989	1197.9658398471083	1342.1033324391349	1143.8320204545917	880.5352499467758	1050.9981873124536	1100.6283639961302	1637.809007365968	1591.4601982413774	1441.145820161186	1615.4115788935374	1608.2576247935356	1612.6728573943074
ENSDARG00000056874	3.493304149109495e-8	5.2197162945706016e-5	0.8267826640147271	14	20893065	20898499	1	protein_coding	lygl1	lysozyme g-like 1 [Source:ZFIN;Acc:ZDB-GENE-040718-461]	121	139	121	147	170	182	68	85	101	104	128	87	135.85179627132158	173.37580223888452	187.5388543021756	126.2816407240742	171.46803439838496	141.06645228682797	85.73596035480048	87.66955077804087	72.3078628098757	116.66861403119992	94.42980549246447	70.53923508964542
ENSDARG00000058206	3.6639206244759634e-8	5.2197162945706016e-5	1.1548151394355717	14	11457500	11461002	1	protein_coding	si:ch211-153b23.5	si:ch211-153b23.5 [Source:ZFIN;Acc:ZDB-GENE-030131-9744]	1232	374	1020	1091	845	1085	338	438	676	417	622	532	1383.2182893080014	466.4931657362792	1580.9060445307364	937.2331294555438	852.2969945096193	840.9730809407051	426.15815588121416	451.7560381268459	483.9615372225344	467.7962697212535	458.86983606494454	431.3433685941536
ENSDARG00000068951	3.7886565305968316e-8	5.2197162945706016e-5	3.4004347924126637	18	15758375	15768336	1	protein_coding	si:ch211-219a15.4	si:ch211-219a15.4 [Source:ZFIN;Acc:ZDB-GENE-060503-308]	92	42	177	16	45	118	9	13	7	8	7	14	103.29227485092218	52.3869330505982	274.33369596268665	13.74494048697406	45.38859734074896	91.46066686728406	11.347406517547123	13.408284236641546	5.011436036328019	8.974508771630763	5.164129987869151	11.351141278793516
ENSDARG00000031588	5.33718809266964e-8	6.850464688588199e-5	2.403097801508265	12	38929663	38974869	1	protein_coding	si:dkey-239b22.1	si:dkey-239b22.1 [Source:ZFIN;Acc:ZDB-GENE-131119-12]	3940	1384	3392	1552	2880	4907	659	609	244	800	503	957	4423.603944702537	1726.2741748101882	5257.287552008096	1333.2592272364839	2904.8702298079334	3803.368578964092	830.8823216737281	628.1265461626693	174.6843418377195	897.4508771630763	371.079626271169	775.9315859860997
ENSDARG00000033140	5.5247910710820584e-8	6.850464688588199e-5	0.3577854944360357	3	24973025	24980067	-1	protein_coding	desi1a	desumoylating isopeptidase 1a [Source:ZFIN;Acc:ZDB-GENE-040426-1657]	719	712	555	1017	895	988	507	653	881	569	996	806	807.2515828023157	888.0832460006171	860.198877171136	873.6627797032888	902.7287693326737	765.7893124142089	639.2372338218213	673.5084312713022	630.7250211435692	638.3119363822381	734.7819239882392	653.5014193362553
ENSDARG00000069888	7.469837251199318e-8	8.821166380594852e-5	0.6837681322709105	15	2655566	2657508	-1	protein_coding	cldna	claudin a [Source:ZFIN;Acc:ZDB-GENE-010328-1]	170	137	126	250	169	210	91	103	155	124	119	162	190.86616005061708	170.88118637933223	195.2883937361498	214.7646951089697	170.45939890192386	162.7689834078784	114.73488812186535	106.23486741339072	110.96751223297755	139.10488596027682	87.79020979377556	131.34892051175353
ENSDARG00000102758	9.077790772396355e-8	1.0232733334757145e-4	1.5963503368394094	8	52479026	52490474	1	protein_coding	FO704661.1	gamma-glutamyl hydrolase [Source:NCBI gene;Acc:553228]	108	48	120	69	64	110	24	44	29	34	33	39	121.25614873803909	59.87078062925509	185.98894641538075	59.27505585007564	64.55267177350963	85.25994368984108	30.259750713458992	45.38188510863292	20.761663579073222	38.14166227943074	24.345184228525998	31.62103641949622
ENSDARG00000113076	1.0952577173901774e-7	1.1809259188503917e-4	2.088731084436472	12	43848634	44024244	-1	protein_coding	si:ch211-182p11.1	si:ch211-182p11.1 [Source:ZFIN;Acc:ZDB-GENE-131127-323]	423	145	263	117	235	340	69	67	49	83	50	88	474.9199158906531	180.8596498175414	407.6257742270428	100.50987731099782	237.02934166835567	263.530735041327	86.99678330119461	69.10423414269104	35.080052254296135	93.11052850566917	36.886642770493935	71.35003089527353
ENSDARG00000052779	2.2903609240508141e-7	2.3666108564806727e-4	3.098582186730081	12	46120836	46145909	-1	protein_coding	zgc:153932	zgc:153932 [Source:ZFIN;Acc:ZDB-GENE-070209-223]	1378	599	1160	286	1006	1339	98	152	39	214	35	213	1547.1386385279432	747.1374499359124	1797.893148682014	245.69081120466134	1014.6873094398544	1037.84604182452	123.56064874662422	156.7737849207319	27.920857916684675	240.0681096411229	25.820649939345753	172.69950659878705
ENSDARG00000098736	3.6444441363522915e-7	3.602383896856229e-4	2.2345209144758975	12	44009628	44018667	-1	protein_coding	si:dkey-201i2.4	si:dkey-201i2.4 [Source:ZFIN;Acc:ZDB-GENE-141215-24]	49	15	32	11	22	43	6	4	8	5	7	14	55.014363779295515	18.709618946642216	49.59705237743487	9.449646584794667	22.189980922143935	33.328887078756054	7.564937678364748	4.125625918966629	5.727355470089164	5.609067982269227	5.164129987869151	11.351141278793516
ENSDARG00000089399	3.776845087231822e-7	3.602383896856229e-4	0.8123348884666053	16	46639772	46645396	-1	protein_coding	tmem176l.2	transmembrane protein 176l.2 [Source:ZFIN;Acc:ZDB-GENE-080829-12]	832	410	390	735	664	889	430	411	425	350	434	401	934.1214421300789	511.3962512082205	604.4640758499875	631.408203620371	669.7339696501624	689.055363093352	542.1538669494736	423.9080631738212	304.2657593484868	392.63475875884586	320.17605924788734	325.1291180568714
ENSDARG00000094695	4.170739210297155e-7	3.8307467287466355e-4	0.4443958616992222	3	34140507	34147100	1	protein_coding	si:dkey-204f11.64	si:dkey-204f11.64 [Source:ZFIN;Acc:ZDB-GENE-030131-8332]	620	537	419	857	653	843	441	432	761	492	552	602	696.1001131257799	669.8043582897913	649.4114045670378	736.2133748335482	658.6389791890904	653.4012048230547	556.022919359809	445.567599248396	544.8146890922318	551.9322894552919	407.22853618625305	488.0990749881212
ENSDARG00000074150	4.746664620981347e-7	4.204019140561301e-4	3.2323433463400155	12	46231498	46252062	-1	protein_coding	si:ch211-226h7.5	si:ch211-226h7.5 [Source:ZFIN;Acc:ZDB-GENE-130531-3]	13	7	16	7	12	19	4	1	0	1	1	2	14.595647533282483	8.731155508433034	24.798526188717435	6.013411463051152	12.103625957533055	14.726717546427095	5.043291785576499	1.0314064797416573	0	1.1218135964538454	0.7377328554098787	1.6215916112562165
ENSDARG00000043093	5.383950317594669e-7	4.6040201353803517e-4	2.8685469448248457	8	19356072	19359834	1	protein_coding	mpeg1.2	macrophage expressed 1, tandem duplicate 2 [Source:ZFIN;Acc:ZDB-GENE-050522-305]	555	65	483	104	165	516	31	62	48	60	81	30	623.1218754593675	81.0750154354496	748.6055093219076	89.3421131653314	166.4248569160795	399.9466449450727	39.08551133821787	63.94720174398276	34.364132820534984	67.30881578723073	59.756361288200175	24.323874168843247
ENSDARG00000026049	5.785778701884077e-7	4.7827175342674406e-4	5.891188049125388	15	5086338	5106171	1	protein_coding	mxf	myxovirus (influenza virus) resistance F [Source:ZFIN;Acc:ZDB-GENE-030721-9]	5	6	26	0	7	32	0	0	0	0	0	1	5.613710589724032	7.483847578656886	40.29760505666583	0	7.0604484752276155	24.80289270977195	0	0	0	0	0	0.8107958056281083
ENSDARG00000091860	9.976542476827049e-7	7.980912157510774e-4	1.6916455832419515	8	42712747	42724810	1	protein_coding	zgc:194007	zgc:194007 [Source:ZFIN;Acc:ZDB-GENE-081022-49]	57	18	32	32	34	71	22	11	15	11	16	8	63.99630072285397	22.45154273597066	49.59705237743487	27.48988097394812	34.29360687967699	55.03141819980651	27.738104820670745	11.34547127715823	10.738791506417183	12.339949560992299	11.803725686558058	6.486366445024866
ENSDARG00000053761	1.0787906920816843e-6	8.360290741541778e-4	1.2602539578740761	7	2228276	2234151	1	protein_coding	si:dkey-187j14.4	si:dkey-187j14.4 [Source:ZFIN;Acc:ZDB-GENE-131119-26]	172	82	99	109	82	214	62	30	54	69	77	62	193.1116442865067	102.2792502416441	153.44088079268914	93.6374070675108	82.7081107098092	165.86934499659992	78.17102267643574	30.94219439224972	38.65964942310186	77.40513815531533	56.80542986656066	50.269339948942715
ENSDARG00000088439	1.31626453058005e-6	9.89152851328929e-4	0.5736667050799257	14	26224541	26227970	1	protein_coding	gm2a	GM2 ganglioside activator [Source:ZFIN;Acc:ZDB-GENE-050417-373]	319	228	235	520	360	512	217	209	286	243	337	344	358.15473562439325	284.38620798896164	364.2283533967873	446.710565826657	363.10877872599167	396.8462833563512	273.5985793675251	215.5639542660064	204.75295805568763	272.6007039382844	248.6159722731291	278.91375713606925
ENSDARG00000007769	1.4911522915605305e-6	0.0010876201670120469	2.6100618822919	7	56602521	56606752	-1	protein_coding	sult5a1	sulfotransferase family 5A, member 1 [Source:ZFIN;Acc:ZDB-GENE-060929-978]	244	50	190	83	99	107	40	12	13	13	41	35	273.94907677853274	62.365396488807384	294.48249849101956	71.30187877617794	99.85491414964771	82.93467249829996	50.43291785576499	12.376877756899889	9.306952638894892	14.58357675389999	30.247047071805024	28.37785319698379
ENSDARG00000093494	1.6956323055035298e-6	0.001201428158405201	0.9169101311939611	1	52398205	52400660	1	protein_coding	si:ch211-217k17.9	si:ch211-217k17.9 [Source:ZFIN;Acc:ZDB-GENE-061207-21]	366	236	380	302	335	475	128	164	240	198	252	348	410.92361516779914	294.36467142717083	588.9649969820391	259.4357516916354	337.89289131446446	368.16793866067735	161.38533713844797	169.1506626776318	171.82066410267493	222.1190920978614	185.90867956328944	282.15694035858166
ENSDARG00000032801	1.7736934034889482e-6	0.001201566919626772	1.0087473105542306	10	2715548	2755378	1	protein_coding	grk5	G protein-coupled receptor kinase 5 [Source:ZFIN;Acc:ZDB-GENE-091204-274]	64	66	69	62	56	69	28	34	43	40	48	34	71.8554955484676	82.32232336522574	106.94364418884393	53.26164438702449	56.483587801820924	53.48123740544577	35.30304249903549	35.06782031121635	30.784535651729257	44.87254385815382	35.41117705967417	27.567057391355682
ENSDARG00000070041	1.7927326112420081e-6	0.001201566919626772	2.8232746114474505	12	30528623	30540755	-1	protein_coding	zgc:153920	zgc:153920 [Source:ZFIN;Acc:ZDB-GENE-061013-702]	34	9	61	17	13	38	7	2	1	8	5	6	38.173232010123414	11.22577136798533	94.54438109448522	14.603999267409941	13.112261453994144	29.45343509285419	8.825760624758873	2.0628129594833147	0.7159194337611455	8.974508771630763	3.6886642770493934	4.864774833768649
ENSDARG00000104398	2.1649744967473078e-6	0.0014128737511799074	1.8136173748399422	16	45149355	45152169	-1	protein_coding	si:ch73-343g19.4	si:ch73-343g19.4 [Source:ZFIN;Acc:ZDB-GENE-100922-108]	30	30	19	21	26	46	15	6	5	12	4	11	33.682263538344195	37.41923789328443	29.448249849101956	18.040234389153454	26.224522907988288	35.654158270297174	18.91234419591187	6.1884388784499444	3.5795971688057278	13.461763157446144	2.9509314216395146	8.918753861909192
ENSDARG00000035890	2.2658563018346476e-6	0.0014398112370260568	0.5422640653201233	19	32495419	32500373	-1	protein_coding	fuca1.1	alpha-L-fucosidase 1, tandem duplicate 1 [Source:ZFIN;Acc:ZDB-GENE-030131-7434]	964	745	733	983	789	1087	562	639	690	631	822	851	1082.3234016987933	929.24440768323	1136.0824810206175	844.4547811684689	795.8134067077983	842.523261735066	708.5824958734981	659.068740554919	493.9844092951904	707.8643793623764	606.4164071469203	689.9872305895201
ENSDARG00000052626	2.3223698326965713e-6	0.0014398112370260568	3.058249162587563	12	46188692	46204837	-1	unprocessed_pseudogene	AL954655.1	NA	16	9	15	4	9	18	1	2	1	3	0	3	17.9638738871169	11.22577136798533	23.248618301922594	3.436235121743515	9.077719468149791	13.951627149246722	1.2608229463941247	2.0628129594833147	0.7159194337611455	3.365440789361536	0	2.4323874168843247
ENSDARG00000046140	2.484629378505502e-6	0.0015028371696965352	3.2497697575192275	3	21200763	21218133	1	protein_coding	zgc:112038	zgc:112038 [Source:ZFIN;Acc:ZDB-GENE-050522-271]	25	24	10	21	11	17	0	0	10	4	0	0	28.06855294862016	29.935390314627544	15.499078867948397	18.040234389153454	11.094990461071967	13.176536752066347	0	0	7.1591943376114555	4.4872543858153815	0	0
ENSDARG00000073820	3.0026484781363627e-6	0.0017729209430786587	2.9229143905031036	14	11504504	11507426	-1	protein_coding	zgc:174917	zgc:174917 [Source:ZFIN;Acc:ZDB-GENE-070928-42]	303	15	191	132	130	89	10	24	36	36	23	9	340.19086173727635	18.709618946642216	296.03240637781437	113.39575901753601	131.12261453994142	68.98304534905323	12.608229463941248	24.753755513799778	25.77309961540124	40.385289472338435	16.96785567442721	7.297162250652974
ENSDARG00000035178	3.5087172050586837e-6	0.0020235506504244255	0.9056487278369042	5	55543580	55560937	-1	protein_coding	gna14	guanine nucleotide binding protein (G protein), alpha 14 [Source:ZFIN;Acc:ZDB-GENE-040808-7]	233	99	218	281	241	352	92	115	177	164	148	168	261.5989134811399	123.48348504783861	337.87991932127505	241.39551730248195	243.0811546471222	272.83181980749146	115.99571106825948	118.6117451702906	126.71773977572276	183.97742981843064	109.18446260066204	136.21369534552218
ENSDARG00000076146	3.7169494222805863e-6	0.002093402928199567	1.1485686895158909	7	2244859	2249885	1	protein_coding	zgc:172075	zgc:172075 [Source:ZFIN;Acc:ZDB-GENE-080215-3]	148	43	83	113	89	131	33	72	58	48	57	43	166.16583345583135	53.63424098037435	128.64235460397168	97.07364218925431	89.76855918503682	101.53684203062892	41.60715723100611	74.26126654139934	41.523327158146444	53.84705262978458	42.05077275836308	34.864219642008656
ENSDARG00000070672	3.7986665498197714e-6	0.002093402928199567	2.161805225432721	11	19490335	19501440	-1	protein_coding	slc2a9l1	solute carrier family 2 member 9, like 1 [Source:ZFIN;Acc:ZDB-GENE-090915-3]	15	9	22	12	18	42	5	8	3	5	2	6	16.841131769172097	11.22577136798533	34.09797350948647	10.308705365230546	18.155438936299582	32.55379668157568	6.304114731970624	8.251251837933259	2.1477583012834365	5.609067982269227	1.4754657108197573	4.864774833768649
ENSDARG00000033144	4.500356393862315e-6	0.0024261812654650335	0.6504084371822393	12	13319132	13331980	1	protein_coding	psme2	proteasome activator subunit 2 [Source:ZFIN;Acc:ZDB-GENE-991110-16]	127	82	67	129	111	170	56	86	89	80	86	95	142.5882489789904	102.2792502416441	103.84382841525426	110.81858267622837	111.95854010718077	131.7653675206635	70.60608499807098	88.70095725778253	63.71682960474195	89.74508771630764	63.445025565249566	77.02560153467029
ENSDARG00000094210	4.688034363929318e-6	0.0024535419066333357	0.6465364651167654	3	32118670	32120354	1	protein_coding	fthl31	ferritin, heavy polypeptide-like 31 [Source:ZFIN;Acc:ZDB-GENE-050522-428]	96	86	60	130	82	134	50	67	97	67	66	80	107.78324332270141	107.2684819607487	92.99447320769038	111.67764145666425	82.7081107098092	103.86211322217004	63.04114731970623	69.10423414269104	69.44418507483111	75.16151096240765	48.690368457051996	64.86366445024866
ENSDARG00000091757	4.7489822782531596e-06	0.0024535419066333357	0.6417221760608586	20	35568552	35578435	-1	protein_coding	adgrf6	adhesion G protein-coupled receptor F6 [Source:ZFIN;Acc:ZDB-GENE-041001-212]	638	443	372	466	475	741	270	439	450	316	380	450	716.3094712487865	552.5574128908335	576.5657338876804	400.32139168311954	479.1018608190168	574.3419843106567	340.4221955264137	452.7874446065876	322.1637451925155	354.49309647941516	280.3384850557539	364.8581125326487
ENSDARG00000078674	5.6945949643895755e-6	0.0028820461330999404	1.2643960867920774	3	33300522	33301321	1	protein_coding	hspb9	heat shock protein, alpha-crystallin-related, 9 [Source:ZFIN;Acc:ZDB-GENE-080214-6]	84	59	84	249	174	110	35	37	104	39	57	96	94.31033790736373	73.59116785679271	130.19226249076652	213.90563632853383	175.5025763842293	85.25994368984108	44.12880312379436	38.16203975044132	74.45562111115913	43.75073026169997	42.05077275836308	77.83639734029839
ENSDARG00000012435	6.099376776321269e-6	0.0030251688935198228	2.1528698928549237	4	17807837	17812131	-1	protein_coding	spic	Spi-C transcription factor (Spi-1/PU.1 related) [Source:ZFIN;Acc:ZDB-GENE-040912-47]	27	9	12	9	19	45	6	5	3	7	3	5	30.314037184509772	11.22577136798533	18.598894641538077	7.73152902392291	19.16407443276067	34.8790678731168	7.564937678364748	5.157032398708287	2.1477583012834365	7.852695175176918	2.213198566229636	4.0539790281405415
ENSDARG00000093936	6.81215937397832e-6	0.003312445888535066	1.5985631491982701	18	7591381	7593581	1	protein_coding	si:dkeyp-1h4.6	si:dkeyp-1h4.6 [Source:ZFIN;Acc:ZDB-GENE-060503-841]	411	228	618	438	495	724	249	200	220	108	210	104	461.44701047531544	284.38620798896164	957.8430740392109	376.2677458309149	499.27457074823855	561.1654475585904	313.9449136521371	206.2812959483315	157.50227542745202	121.1558684170153	154.9238996360745	84.32276378532326
ENSDARG00000041947	7.836583605565766e-6	0.0037372968622004887	0.5727460041814552	16	31965340	31976269	-1	protein_coding	styk1b	serine/threonine/tyrosine kinase 1b [Source:ZFIN;Acc:ZDB-GENE-030131-3435]	236	136	169	333	205	325	120	160	236	165	194	195	264.9671398349743	169.63387844955608	261.9344328683279	286.06657388514765	206.770276774523	251.90437908362136	151.29875356729497	165.02503675866518	168.95698636763035	185.09924341488448	143.12017394951647	158.1051820974811
ENSDARG00000100106	8.091263182455151e-6	0.0037859478426736847	2.2563375984891763	12	43852970	43982343	-1	protein_coding	CR385054.1	NA	292	110	265	104	206	298	47	58	14	76	30	72	327.84069843988345	137.20387227537623	410.7255900006325	89.3421131653314	207.7789122709841	230.97693835975127	59.25867848052386	59.821575825016126	10.022872072656037	85.25783333049225	22.13198566229636	58.37729800522379
ENSDARG00000057714	9.33143227232539e-6	0.004285373868914766	0.37066240600927286	4	2228754	2250264	1	protein_coding	cmah	cytidine monophospho-N-acetylneuraminic acid hydroxylase [Source:NCBI gene;Acc:431739]	650	460	433	740	644	911	451	494	753	487	604	576	729.7823766641242	573.7616476970279	671.1101149821656	635.7034975225504	649.5612597209406	706.1073518313202	568.6311488237502	509.51480099237875	539.0873336221426	546.3232214730227	445.5906446675667	467.01838404179034
ENSDARG00000042793	9.710847036007237e-6	0.004378532648108063	0.3864659641228585	17	30843881	30855792	1	protein_coding	tpp1	tripeptidyl peptidase I [Source:NCBI gene;Acc:798347]	482	395	383	606	538	550	327	371	503	341	586	502	541.1617008493967	492.6866322615783	593.6147206424235	520.5896209441426	542.6458970960653	426.2997184492054	412.2891034708788	382.65180398415487	360.1074751818562	382.53843639076126	432.3114532701889	407.01949442531037
ENSDARG00000067797	1.0168219812130688e-5	0.004502887198589802	0.6182820785802428	25	35553542	35572245	1	protein_coding	spi1a	Spi-1 proto-oncogene a [Source:ZFIN;Acc:ZDB-GENE-060825-351]	101	84	66	102	88	123	56	70	81	52	71	92	113.39695391242545	104.7738661011964	102.29392052845942	87.62399560445964	88.75992368857574	95.33611885318592	70.60608499807098	72.19845358191601	57.98947413465279	58.33430701559996	52.379032734101386	74.59321411778596
ENSDARG00000079227	1.0499940491312739e-5	0.0045682109516502565	3.199329627609624	12	30517386	30523229	-1	protein_coding	plekhs1	pleckstrin homology domain containing, family S member 1 [Source:ZFIN;Acc:ZDB-GENE-080204-50]	350	38	459	149	129	351	44	12	8	61	14	39	392.95974128068224	47.39770133149361	711.4077200388314	127.99975828494595	130.11397904348036	272.05672941031105	55.47620964134149	12.376877756899889	5.727355470089164	68.43062938368458	10.328259975738302	31.62103641949622
ENSDARG00000075643	1.0722145482893468e-5	0.004584456652246123	0.7133380713968578	3	29941777	29948955	1	protein_coding	ifi35	interferon-induced protein 35 [Source:ZFIN;Acc:ZDB-GENE-100311-2]	95	69	80	109	91	149	58	74	61	57	72	86	106.6605012047566	86.06424715455418	123.99263094358717	93.6374070675108	91.785830177959	115.48846917987564	73.12773089085924	76.32407950088265	43.671085459429875	63.943374997869185	53.11676558951127	69.72843928401731
ENSDARG00000036767	1.1149053964623749e-5	0.004686193038452616	2.8407482229755017	19	7682109	7690975	-1	protein_coding	urgcp	upregulator of cell proliferation [Source:ZFIN;Acc:ZDB-GENE-120215-160]	586	51	380	90	229	745	76	25	42	71	24	72	657.9268811156566	63.61270441858353	588.9649969820391	77.3152902392291	230.97752868958912	577.4423458993782	95.82254392595348	25.785161993541436	30.068616217968113	79.64876534822302	17.705588529837087	58.37729800522379
ENSDARG00000020718	1.1495034434159037e-5	0.0047510893155451655	-0.67249555642963	25	4460039	4482506	-1	protein_coding	slc25a22a	solute carrier family 25 member 22a [Source:ZFIN;Acc:ZDB-GENE-110408-61]	125	92	118	107	139	227	174	188	301	240	297	281	140.3427647431008	114.75232953940558	182.8891306417911	91.91928950663903	140.20033400809123	175.94552015994478	219.3831926725777	193.90441819143157	215.49174956210481	269.2352631489229	219.10665805673398	227.83362138149843
ENSDARG00000041294	1.2451047847224214e-5	0.005021684875412302	1.0471306579451256	3	62161184	62169060	1	protein_coding	noxo1a	NADPH oxidase organizer 1a [Source:ZFIN;Acc:ZDB-GENE-030131-9700]	147	112	146	94	81	131	42	59	82	67	79	93	165.04309133788655	139.69848813492854	226.2865514720466	80.75152536097261	81.69947521334812	101.53684203062892	52.95456374855324	60.85298230475779	58.70539356841393	75.16151096240765	58.28089557738041	75.40400992341407
ENSDARG00000099448	1.2554718427177012e-5	0.005021684875412302	0.5420169139951629	16	35905031	35938157	1	protein_coding	sh3d21	SH3 domain containing 21 [Source:ZFIN;Acc:ZDB-GENE-051120-57]	603	369	556	726	582	756	338	431	523	418	597	554	677.0134971207183	460.2566260873985	861.7487850579308	623.676674596448	587.0258589403531	585.9683402683623	426.15815588121416	444.53619276865436	374.4258638570791	468.9180833177074	440.42651467969756	449.180876317972
ENSDARG00000014976	1.3942537254920929e-5	0.005488269545790224	0.4753800571194958	9	94884	100579	-1	protein_coding	lims2	LIM and senescent cell antigen-like domains 2 [Source:ZFIN;Acc:ZDB-GENE-050522-56]	492	446	304	693	570	673	283	491	597	346	492	389	552.3891220288448	556.2993366801619	471.1719975856313	595.327734842064	574.9222329828201	521.6358373023913	356.8128938295373	506.4205815531538	427.4039019554039	388.14750437303053	362.9645648616603	315.3995683893341
ENSDARG00000017320	1.6646595268968198e-5	0.006450295563674099	0.329988392670101	5	29831195	29848772	1	protein_coding	f11r.1	F11 receptor, tandem duplicate 1 [Source:ZFIN;Acc:ZDB-GENE-030131-2416]	816	675	554	1103	836	1140	599	802	949	570	855	847	916.157568242962	841.9328525988997	858.6489692843412	947.5418348207744	843.2192750414695	883.6030527856257	755.2329448900807	827.1879967528092	679.4075426393271	639.4337499786918	630.7615913754463	686.7440473670077
ENSDARG00000037873	2.4392743943880948e-5	0.009229837312621409	-1.0612337186515883	3	40947961	40955780	-1	protein_coding	cyp3c3	cytochrome P450, family 3, subfamily c, polypeptide 3 [Source:ZFIN;Acc:ZDB-GENE-041114-102]	126	169	124	279	74	149	209	405	284	339	618	381	141.4655068610456	210.79504013216896	192.18857796256012	239.6773997416102	74.6390267381205	115.48846917987564	263.51199579637205	417.71962429537126	203.32111918816534	380.29480919785357	455.91890464330504	308.91320194430926
ENSDARG00000055504	2.484548770739408e-5	0.009229837312621409	0.370147514898452	7	19482084	19491627	1	protein_coding	si:ch211-212k18.7	si:ch211-212k18.7 [Source:ZFIN;Acc:ZDB-GENE-030131-1312]	1313	1079	966	1619	1290	1619	753	948	1824	1008	1426	1193	1474.160400861531	1345.8452562284633	1497.2110186438151	1390.816165525688	1301.1397904348034	1254.8713530350246	949.3996786347759	977.7733427950913	1305.8370471803294	1130.788105225476	1052.0070518144869	967.2793961143332
ENSDARG00000043281	2.4936453080593344e-5	0.009229837312621409	0.5259783097092685	8	18650414	18667693	-1	protein_coding	stap2b	signal transducing adaptor family member 2b [Source:ZFIN;Acc:ZDB-GENE-040426-2540]	160	120	164	227	187	222	100	125	172	106	202	171	179.638738871169	149.67695157313773	254.1848934343537	195.0063431589445	188.61483783822345	172.0700681740429	126.08229463941247	128.92580996770718	123.13814260691703	118.91224122410762	149.0220367927955	138.6460827624065
ENSDARG00000097224	2.5370940013671123e-5	0.009252557961750443	-0.3562912240592676	25	31388899	31396479	-1	protein_coding	prr33	proline rich 33 [Source:ZFIN;Acc:ZDB-GENE-030131-5326]	1633	1700	1027	1762	1737	2261	1935	2215	3087	1749	3158	2829	1833.4378786038687	2120.423480619451	1591.7553997383004	1513.6615711280185	1751.9998573529097	1752.4793880248242	2439.6924012726313	2284.565352627771	2210.0432920206563	1962.0519801977755	2329.7603573843967	2293.7413341219185
ENSDARG00000102097	2.7162933024423623e-5	0.009720500615898029	0.4076158029752858	1	18716	23389	1	protein_coding	nfkbiz	nuclear factor of kappa light polypeptide gene enhancer in B-cells inhibitor, zeta [Source:ZFIN;Acc:ZDB-GENE-071024-1]	331	279	241	436	327	418	164	269	337	260	409	338	371.6276410397309	347.9989124075452	373.5278007175564	374.5496282700432	329.82380734277575	323.98778602139606	206.77496320863645	277.44834305050585	241.26484917750605	291.6715350779998	301.73273786264036	274.0489823023006
ENSDARG00000033161	2.7438003270811807e-5	0.009720500615898029	0.7166879773220373	15	36115955	36120277	1	protein_coding	sst1.2	somatostatin 1, tandem duplicate 2 [Source:ZFIN;Acc:ZDB-GENE-100910-2]	177	140	78	251	119	177	81	106	143	97	130	90	198.72535487623074	174.62311016866067	120.89281516999749	215.62375388940558	120.02762407886947	137.1910003009261	102.1266586579241	109.32908685261569	102.37647902784381	108.815918856023	95.90527120328423	72.97162250652974
ENSDARG00000073936	2.864376794045996e-5	0.010004743678246008	1.7042904516514839	3	32135037	32136228	1	protein_coding	BX511021.1	ferritin, middle subunit-like [Source:NCBI gene;Acc:100006428]	16	22	8	25	25	46	6	2	16	11	3	10	17.9638738871169	27.44077445507525	12.399263094358718	21.476469510896973	25.2158874115272	35.654158270297174	7.564937678364748	2.0628129594833147	11.454710940178328	12.339949560992299	2.213198566229636	8.107958056281083
ENSDARG00000008170	3.198381619466321e-5	0.011016203580714623	0.6197171042082188	10	42358426	42372811	1	protein_coding	dbnla	drebrin-like a [Source:ZFIN;Acc:ZDB-GENE-040704-42]	233	159	231	285	221	335	146	116	262	164	201	221	261.5989134811399	198.32196083440746	358.02872184960796	244.83175242422547	222.90844471790044	259.6552830554251	184.08015017354222	119.64315165003225	187.57089164542012	183.97742981843064	148.2843039373856	179.18587304381194
ENSDARG00000069476	3.297090516672531e-5	0.011200622975748233	0.22696413826650016	15	20239141	20250516	1	protein_coding	spint2	serine peptidase inhibitor, Kunitz type, 2 [Source:ZFIN;Acc:ZDB-GENE-061013-323]	2379	1840	1582	3059	2368	2945	1646	1980	2845	1965	2815	2641	2671.0034985906946	2295.0465907881116	2451.9542769094364	2627.8608093533535	2388.448855619856	2282.6412196961996	2075.314569764729	2042.1848298884815	2036.7907890504591	2204.363717031806	2076.7179879788087	2141.3117226638337
ENSDARG00000029290	3.40425032251704e-5	0.011408378884878388	0.6318143622695973	20	26538137	26541177	1	protein_coding	stx11b.1	syntaxin 11b, tandem duplicate 1 [Source:ZFIN;Acc:ZDB-GENE-040426-1893]	356	179	204	347	248	323	127	156	333	147	247	258	399.69619398835107	223.26811942993044	316.1812089061473	298.09339681125	250.1416031223498	250.3541982892606	160.12451419205385	160.89941083969856	238.40117144246148	164.90659867871528	182.22001528624003	209.18531785205192
ENSDARG00000117266	3.791533857303794e-5	0.012536833083636904	3.2197676344127126	12	46071521	46083500	-1	lincRNA	FO904966.1	NA	82	4	114	27	37	154	4	3	4	10	6	27	92.06485367147413	4.98923171910459	176.68949909461173	23.19458707176873	37.31951336906025	119.3639211657775	5.043291785576499	3.0942194392249722	2.863677735044582	11.218135964538455	4.426397132459272	21.891486751958922
ENSDARG00000038321	3.921820527981216e-5	0.012797003588606075	3.1006325142490327	9	33080438	33081978	-1	protein_coding	zgc:172053	zgc:172053 [Source:ZFIN;Acc:ZDB-GENE-080219-25]	82	44	95	18	33	49	4	1	3	22	3	12	92.06485367147413	54.8815489101505	147.24124924550978	15.46305804784582	33.284971383215904	37.97942946183829	5.043291785576499	1.0314064797416573	2.1477583012834365	24.679899121984597	2.213198566229636	9.729549667537299
ENSDARG00000021309	4.0666731543538284e-5	0.013097328253872805	0.25700061481851477	6	48382697	48418021	-1	protein_coding	rhoca	ras homolog family member Ca [Source:ZFIN;Acc:ZDB-GENE-040426-1337]	989	924	794	1260	1179	1283	763	893	1352	880	1216	1125	1110.3919546474135	1152.5125271131603	1230.6268621151028	1082.4140633492073	1189.1812503276226	994.4409795824191	962.0079080987172	921.0459864093001	967.9230744450688	987.195964879384	897.0831521784124	912.1452813316218
ENSDARG00000090889	4.130397597280797e-5	0.013132016668585447	1.111155210987855	14	36886950	36893215	1	protein_coding	LECT2	si:ch211-132p1.3 [Source:ZFIN;Acc:ZDB-GENE-130530-1010]	28	19	19	27	23	26	6	10	20	12	14	15	31.43677930245458	23.698850665746804	29.448249849101956	23.19458707176873	23.198616418605024	20.15235032668971	7.564937678364748	10.314064797416574	14.318388675222911	13.461763157446144	10.328259975738302	12.161937084421623
ENSDARG00000063438	4.572248061538276e-5	0.014200711337529233	-0.2828487809639303	3	1107102	1130892	1	protein_coding	srebf2	sterol regulatory element binding transcription factor 2 [Source:NCBI gene;Acc:100037309]	1774	1377	1306	2139	2022	2841	1890	2299	3676	2136	2959	2973	1991.7445172340865	1717.5430193017553	2024.1797001540606	1837.5267313523448	2039.4609738443198	2202.031818389441	2382.955368684896	2371.2034969260703	2631.719838505971	2396.1938420254137	2182.951519157831	2410.495930132366
ENSDARG00000094511	4.581059345144315e-5	0.014200711337529233	1.4861501252834577	24	26006730	26009612	1	protein_coding	ccl20b	chemokine (C-C motif) ligand 20b [Source:ZFIN;Acc:ZDB-GENE-091204-95]	21	22	26	17	22	47	7	12	11	17	5	10	23.577584476840933	27.44077445507525	40.29760505666583	14.603999267409941	22.189980922143935	36.42924866747755	8.825760624758873	12.376877756899889	7.875113771372601	19.07083113971537	3.6886642770493934	8.107958056281083
ENSDARG00000095833	4.9585820829588104e-5	0.015181219392011796	-0.3501624628781263	17	47187870	47305034	-1	protein_coding	alk	ALK receptor tyrosine kinase [Source:ZFIN;Acc:ZDB-GENE-031027-1]	175	162	135	235	175	298	211	257	352	222	371	307	196.47987064034112	202.06388462373593	209.23756471730337	201.87881340243152	176.51121188069038	230.97693835975127	266.03364168916033	265.07146529360597	252.00364068392324	249.04261841275368	273.698889357065	248.91431232782924
ENSDARG00000089383	5.126763056860474e-5	0.01550470695696133	1.4921433090129113	11	29965822	29972154	1	protein_coding	il1fma	interleukin-1 family member A [Source:ZFIN;Acc:ZDB-GENE-140106-231]	35	19	35	26	31	55	17	18	9	10	5	20	39.295974128068224	23.698850665746804	54.24677603781939	22.33552829133285	31.267700390293726	42.62997184492054	21.43399008870012	18.565316635349834	6.44327490385031	11.218135964538455	3.6886642770493934	16.215916112562166
ENSDARG00000088539	5.301906958689307e-5	0.01578611215805275	0.8305600455917507	10	22123831	22127942	-1	protein_coding	ponzr2	plac8 onzin related protein 2 [Source:ZFIN;Acc:ZDB-GENE-050411-41]	54	33	43	61	49	80	19	27	31	41	43	44	60.628074369019544	41.16116168261287	66.6460391321781	52.40258560658861	49.42313932659331	62.007231774429876	23.95563598148837	27.84797495302475	22.193502446595513	45.99435745460766	31.722512782624783	35.67501544763677
ENSDARG00000077169	5.376834267620357e-5	0.01578611215805275	1.497618521285292	14	11450498	11456724	-1	protein_coding	si:ch211-153b23.4	si:ch211-153b23.4 [Source:ZFIN;Acc:ZDB-GENE-030131-7332]	384	78	273	187	136	257	78	81	145	72	89	99	431.13297329080564	97.29001852253951	423.12485309499124	160.64399194150934	137.17442751870797	199.19823207535597	98.34418981874173	83.54392485907425	103.8083178953661	80.77057894467687	65.6582241314792	80.26878475718271
ENSDARG00000041051	5.4107808114620904e-5	0.01578611215805275	0.40142867946778604	9	30263188	30264415	-1	protein_coding	mid1ip1a	MID1 interacting protein 1a [Source:NCBI gene;Acc:30600]	530	605	448	898	655	876	447	462	595	480	705	770	595.0533225107474	754.6212975145693	694.3587332840882	771.4347848314192	660.6562501820126	678.9791879300071	563.5878570381738	476.5097936406457	425.97206308788157	538.4705262978458	520.1016630639645	624.3127703336434
ENSDARG00000091558	5.568911979023901e-5	0.0160585404846295	2.3410237789457797	10	8051616	8053753	-1	protein_coding	si:ch211-251f6.7	si:ch211-251f6.7 [Source:ZFIN;Acc:ZDB-GENE-091113-57]	4	8	10	20	12	16	1	1	3	1	1	9	4.490968471779225	9.97846343820918	15.499078867948397	17.181175608717577	12.103625957533055	12.401446354885975	1.2608229463941247	1.0314064797416573	2.1477583012834365	1.1218135964538454	0.7377328554098787	7.297162250652974
ENSDARG00000034207	5.913902049707724e-5	0.016857339877092165	0.5909064032507022	6	21001264	21028431	1	protein_coding	cx44.2	connexin 44.2 [Source:ZFIN;Acc:ZDB-GENE-010619-1]	79	78	55	95	103	101	55	66	71	59	66	69	88.69662731763971	97.29001852253951	85.24493377371618	81.6105841414085	103.88945613549205	78.28413011521772	69.34526205167685	68.0728276629494	50.830279797041335	66.18700219077688	48.690368457051996	55.94491058833947
ENSDARG00000101334	6.0481535678452434e-5	0.017001558857211767	0.2958530702288167	15	43604032	43625549	-1	protein_coding	ctsc	cathepsin C [Source:ZFIN;Acc:ZDB-GENE-030619-9]	632	536	519	793	702	852	456	590	716	521	727	773	709.5730185411177	668.5570503600152	804.4021932465218	681.233612885652	708.0621185156838	660.3770183976782	574.9352635557209	608.5298230475779	512.5983145729803	584.4648837524535	536.3317858829818	626.7451577505277
ENSDARG00000097790	6.101611912947486e-5	0.017001558857211767	-0.733456414574487	25	37268900	37277392	1	protein_coding	si:dkey-234i14.6	si:dkey-234i14.6 [Source:ZFIN;Acc:ZDB-GENE-131121-173]	45	50	40	62	54	75	71	66	96	84	153	160	50.52339530751629	62.365396488807384	61.99631547179359	53.26164438702449	54.466316808898746	58.13177978852801	89.51842919398285	68.0728276629494	68.72826564106997	94.23234210212301	112.87312687771144	129.72732890049733
ENSDARG00000092719	6.935163451404021e-5	0.019109457603485366	1.3413052891862691	12	46264190	46282243	-1	unprocessed_pseudogene	AL954655.2	NA	188	80	76	69	111	141	53	68	18	41	44	66	211.0755181736236	99.78463438209181	117.79299939640782	59.27505585007564	111.95854010718077	109.28774600243266	66.82361615888861	70.1356406224327	12.88654980770062	45.99435745460766	32.460245638034664	53.51252317145514
ENSDARG00000095462	7.162803465216722e-5	0.019519820124605437	1.5041441261369695	22	7472420	7476352	1	protein_coding	cela1.2	chymotrypsin like elastase family member 1, tandem duplicate 2 [Source:ZFIN;Acc:ZDB-GENE-050208-732]	42	35	28	32	36	48	6	26	10	26	11	7	47.155168953681866	43.65577754216517	43.39742083025551	27.48988097394812	36.310877872599164	37.20433906465792	7.564937678364748	26.81656847328309	7.1591943376114555	29.16715350779998	8.115061409508666	5.675570639396758
ENSDARG00000021433	8.100370199654305e-5	0.021834900063176857	0.39296583821935205	9	34872733	34882516	-1	protein_coding	asmtl	acetylserotonin O-methyltransferase-like [Source:ZFIN;Acc:ZDB-GENE-030131-2854]	310	274	215	455	363	475	244	232	322	289	339	364	348.05005656288995	341.76237275866447	333.23019566089056	390.8717450983249	366.13468521537493	368.16793866067735	307.64079892016645	239.2863033000645	230.52605767108886	324.2041293751613	250.09143798394888	295.12967324863143
ENSDARG00000051819	8.241647701635479e-5	0.02197684100568368	0.716013301377695	7	67183718	67214972	-1	protein_coding	swap70a	switching B cell complex subunit SWAP70a [Source:ZFIN;Acc:ZDB-GENE-040426-1182]	74	73	58	65	72	110	34	48	45	49	68	74	83.08291672791567	91.05347887365878	89.89465743410071	55.838820728332124	72.62175574519833	85.25994368984108	42.86798017740024	49.507511027599556	32.21637451925155	54.968866226238426	50.16583416787175	59.998889616480014
ENSDARG00000000563	8.912326290753214e-5	0.023512423370679675	-0.5084934585484787	9	42732992	42873700	-1	protein_coding	ttn.1	titin, tandem duplicate 1 [Source:ZFIN;Acc:ZDB-GENE-030616-413]	17458	19392	11322	15478	23406	21910	24695	23652	38724	21868	39073	33666	19600.83189508043	24187.795374219055	17548.057094291176	13296.511803586533	23608.122430168223	16982.230602221982	31136.02266120291	24394.82605884968	27723.2641529666	24531.819727252692	28825.43585943019	27296.251592275894
ENSDARG00000013771	9.011059896297288e-5	0.023522660459818573	0.7314873401388103	16	29514473	29519977	1	protein_coding	ctss2.2	cathepsin S, ortholog 2, tandem duplicate 2 [Source:ZFIN;Acc:ZDB-GENE-050626-55]	438	248	367	364	312	471	180	232	235	301	270	310	491.7610476598252	309.3323665844846	568.8161944537062	312.6973960786599	314.69427489585945	365.0675770719559	226.94813035094245	239.2863033000645	168.2410669338692	337.6658925326075	199.18787096066725	251.34669974471356
ENSDARG00000105068	9.144587914833668e-5	0.023595136519240164	0.4366809789923837	3	36424055	36425851	1	protein_coding	SMIM22	si:ch1073-443f11.2 [Source:ZFIN;Acc:ZDB-GENE-120215-185]	176	150	98	268	211	252	124	136	178	138	188	197	197.60261275828591	187.09618946642215	151.8909729058943	230.22775315681554	212.82208975328956	195.32278008945408	156.34204535287148	140.2712812448654	127.4336592094839	154.81027631063066	138.6937768170572	159.72677370873734
ENSDARG00000075229	9.22911505450339e-5	0.023595136519240164	1.357462902678651	10	4924388	4934610	1	protein_coding	slc46a2	solute carrier family 46 member 2 [Source:ZFIN;Acc:ZDB-GENE-170126-3]	18	15	15	11	24	24	3	11	11	6	9	9	20.209358123006513	18.709618946642216	23.248618301922594	9.449646584794667	24.20725191506611	18.60216953232896	3.782468839182374	11.34547127715823	7.875113771372601	6.730881578723072	6.639595698688908	7.297162250652974
ENSDARG00000007344	9.550616384129206e-5	0.02416793221530818	0.7574478864241757	3	21240594	21242460	-1	protein_coding	tcap	titin-cap (telethonin) [Source:ZFIN;Acc:ZDB-GENE-070501-5]	387	255	299	724	401	306	208	270	386	153	296	319	434.50119964464005	318.06352209291765	463.42245815165705	621.9585570355763	404.46283408089624	237.17766153719427	262.25117284997793	278.4797495302475	276.34490143180216	171.63748025743834	218.3689252013241	258.64386199536654
ENSDARG00000052387	9.788335727803284e-5	0.024519286637756935	0.5051468294016285	5	58550291	58602307	1	protein_coding	pou2f3	POU class 2 homeobox 3 [Source:ZFIN;Acc:ZDB-GENE-060512-299]	80	81	58	124	109	137	54	73	119	59	87	83	89.8193694355845	101.03194231186797	89.89465743410071	106.52328877404898	109.94126911425859	106.18738441371116	68.08443910528274	75.29267302114098	85.19441261757632	66.18700219077688	64.18275842065944	67.29605186713299
ENSDARG00000028676	1.0712510223140296e-4	0.026565954102365622	-0.30900804492962164	25	5935938	5963535	-1	protein_coding	nuak1b	NUAK family, SNF1-like kinase, 1b [Source:ZFIN;Acc:ZDB-GENE-131120-18]	565	556	460	848	656	1007	612	803	1325	807	1079	1193	634.3492966388156	693.5032089555381	712.9576279256263	728.4818458096253	661.6648856784736	780.516029960636	771.6236431932043	828.2194032325509	948.5932497335178	905.3035723382533	796.0137509872591	967.2793961143332
ENSDARG00000041623	1.1011615287810909e-4	0.02690611652719968	0.4382798903557611	18	17534627	17535979	1	protein_coding	mt2	metallothionein 2 [Source:NCBI gene;Acc:100174951]	1529	1452	1070	1931	1456	1633	812	1345	1435	1142	1830	1229	1716.672698337609	1811.0911140349663	1658.4014388704784	1658.842505021682	1468.573282847344	1265.7226185955499	1023.7882324720293	1387.2417152525293	1027.344387447244	1281.1111271502914	1350.051125400078	996.4680451169451
ENSDARG00000056324	1.1066671582621749e-4	0.02690611652719968	0.6187373941831138	3	21189766	21198744	1	protein_coding	zgc:123295	zgc:123295 [Source:ZFIN;Acc:ZDB-GENE-051127-11]	78	58	59	87	79	103	50	57	48	48	79	62	87.5738851996949	72.34385992701657	91.44456532089555	74.73811389792147	79.68220422042594	79.83431090957846	63.04114731970623	58.79016934527447	34.364132820534984	53.84705262978458	58.28089557738041	50.269339948942715
ENSDARG00000055290	1.2240759302724013e-4	0.029471707761966292	0.5288599603195431	8	29710110	29713621	-1	protein_coding	mpeg1.1	macrophage expressed 1, tandem duplicate 1 [Source:ZFIN;Acc:ZDB-GENE-030131-7347]	151	115	101	138	144	177	58	122	135	77	150	129	169.53405980966576	143.44041192425698	156.5406965662788	118.55011170015128	145.24351149039666	137.1910003009261	73.12773089085924	125.8315905284822	96.64912355775465	86.3796469269461	110.6599283114818	104.59265892602596
ENSDARG00000092714	1.2591059983950572e-4	0.029693345944490482	1.5186129894899643	4	13499264	13502549	-1	protein_coding	si:ch211-266a5.12	si:ch211-266a5.12 [Source:ZFIN;Acc:ZDB-GENE-081104-210]	55	11	21	29	15	34	8	14	7	8	12	17	61.750816486964354	13.720387227537625	32.54806562269163	24.912704632640487	15.129532446916318	26.353073504132695	10.086583571152998	14.439690716383204	5.011436036328019	8.974508771630763	8.852794264918543	13.783528695677841
ENSDARG00000037894	1.2703286537815982e-4	0.029693345944490482	-0.7858865352254472	3	36859701	36892651	1	protein_coding	ezh1	enhancer of zeste 1 polycomb repressive complex 2 subunit [Source:ZFIN;Acc:ZDB-GENE-050114-1]	180	203	247	318	212	263	245	544	497	344	906	427	202.09358123006515	253.20350974455798	382.8272480383254	273.1806921786095	213.83072524975063	203.84877445843821	308.90162186656056	561.0851249794616	355.81195857928935	385.90387718012283	668.3859670013501	346.2098090032022
ENSDARG00000043085	1.276247160756238e-4	0.029693345944490482	2.9656680255211767	15	942531	952891	-1	protein_coding	alox5b.1	arachidonate 5-lipoxygenase b, tandem duplicate 1 [Source:ZFIN;Acc:ZDB-GENE-131219-3]	5	3	11	7	4	9	1	1	1	0	2	1	5.613710589724032	3.741923789328443	17.048986754743236	6.013411463051152	4.034541985844352	6.975813574623361	1.2608229463941247	1.0314064797416573	0.7159194337611455	0	1.4754657108197573	0.8107958056281083
ENSDARG00000102929	1.281175860341337e-4	0.029693345944490482	0.6856138624042747	7	45992048	45993499	-1	protein_coding	C18H19orf12	zgc:101715 [Source:ZFIN;Acc:ZDB-GENE-040912-59]	59	43	35	94	64	82	28	41	50	43	41	61	66.24178495874358	53.63424098037435	54.24677603781939	80.75152536097261	64.55267177350963	63.55741256879062	35.30304249903549	42.28766566940795	35.79597168805728	48.237984647515354	30.247047071805024	49.458544143314604
ENSDARG00000069548	1.329627722044027e-4	0.030530960999046133	0.5844347035784718	9	28693592	28696999	1	protein_coding	zgc:162780	zgc:162780 [Source:ZFIN;Acc:ZDB-GENE-070410-92]	146	96	76	192	142	197	105	95	112	89	98	125	163.92034921994173	119.74156125851017	117.79299939640782	164.93928584368874	143.2262404974745	152.69280824453355	132.3864093713831	97.98361557545745	80.1829765812483	99.84141008439224	72.29781983016811	101.34947570351353
ENSDARG00000020623	1.4046457274752565e-4	0.03195762329876962	0.29746991679434776	3	37776489	37785873	-1	protein_coding	baxa	BCL2 associated X, apoptosis regulator a [Source:ZFIN;Acc:ZDB-GENE-000511-6]	332	281	247	478	397	487	259	293	455	257	382	425	372.75038315767574	350.4935282670975	382.8272480383254	410.6300970483501	400.4282920950519	377.46902342684183	326.55314311607833	302.20209856430563	325.7433423613212	288.3060942886383	281.81395076657367	344.588217391946
ENSDARG00000090352	1.4680772603756985e-4	0.03286025253836359	0.7430306434527592	16	31623975	31628687	-1	processed_transcript	CR855311.1	uncharacterized LOC101883708 [Source:NCBI gene;Acc:101883708]	188	212	251	302	265	293	103	221	276	115	241	124	211.0755181736236	264.4292811125433	389.0268795855048	259.4357516916354	267.2884065621883	227.1014863738494	129.86476347859485	227.94083202290628	197.59376371807616	129.00856359219222	177.79361815378076	100.53867989788543
ENSDARG00000003017	1.4708206104110483e-4	0.03286025253836359	0.2937828444421692	9	8968702	8972763	1	protein_coding	ube2al	ubiquitin conjugating enzyme E2 A, like [Source:ZFIN;Acc:ZDB-GENE-030131-4195]	524	484	459	801	642	734	374	493	712	439	744	695	588.3168698030786	603.6970380116554	711.4077200388314	688.1060831291389	647.5439887280185	568.9163515303941	471.54778195140267	508.48339451263706	509.7346368379356	492.4761688432381	548.8732444249497	563.5030849115352
ENSDARG00000091834	1.544396489143882e-4	0.034195971905606366	-0.317650798546631	3	38705425	38745598	-1	protein_coding	si:ch211-198m17.1	si:ch211-198m17.1 [Source:ZFIN;Acc:ZDB-GENE-131127-451]	709	581	518	991	684	1130	713	831	1476	905	1332	1353	796.0241616228677	724.6859071999418	802.8522853597269	851.3272514119559	689.9066795793841	875.8521488138219	898.9667607790109	857.0987846653173	1056.6970842314508	1015.24130479073	982.6601634059584	1097.0067250148304
ENSDARG00000076128	1.6068620564654043e-4	0.03526422313122616	0.23631801892600438	3	36262593	36272670	-1	protein_coding	prkar1aa	protein kinase, cAMP-dependent, regulatory, type I, alpha (tissue specific extinguisher 1) a [Source:ZFIN;Acc:ZDB-GENE-050116-2]	1953	1682	1151	2299	1854	2486	1350	1579	2545	1452	2145	2088	2192.715356346207	2097.97193788348	1783.9439777008604	1974.9761362220854	1870.010210438857	1926.8747273904082	1702.1109776320684	1628.590831512077	1822.0149589221153	1628.8733420509834	1582.4369748541897	1692.94164215149
ENSDARG00000105490	1.6297454419574655e-4	0.03545268176763437	-0.8346922743876196	7	72402279	72435159	-1	protein_coding	rph3ab	rabphilin 3A homolog (mouse), b [Source:ZFIN;Acc:ZDB-GENE-090706-3]	125	91	89	99	194	337	180	228	478	298	376	313	140.3427647431008	113.50502160962944	137.94180192474073	85.046819263152	195.67528631345107	261.2054638497858	226.94813035094245	235.16067738109788	342.20948933782756	334.3004517432459	277.3875536341144	253.7790871615979
ENSDARG00000017653	1.8602581678274887e-4	0.040115254177351206	0.7703961853951912	2	6475567	6482240	-1	protein_coding	rgs13	regulator of G protein signaling 13 [Source:ZFIN;Acc:ZDB-GENE-070410-138]	39	36	27	39	40	47	24	21	27	24	25	32	43.78694259984745	44.90308547194132	41.84751294346067	33.503292436999274	40.34541985844352	36.42924866747755	30.259750713458992	21.659536074574806	19.32982471155093	26.92352631489229	18.443321385246968	25.945465780099465
ENSDARG00000070434	1.8898788206715225e-4	0.040402676615373355	0.5053834167042476	20	28364742	28368137	1	protein_coding	rhov	ras homolog family member V [Source:ZFIN;Acc:ZDB-GENE-031002-10]	116	75	98	146	151	196	73	106	132	90	115	109	130.23808568159754	93.54809473321107	151.8909729058943	125.4225819436383	152.30395996562427	151.91771784735317	92.04007508677111	109.32908685261569	94.50136525647122	100.96322368084608	84.83927837213605	88.3767428134638
ENSDARG00000074531	1.9702578033513665e-4	0.04176104552590644	-0.9074577418318751	3	18303407	18373604	-1	protein_coding	spag9a	sperm associated antigen 9a [Source:ZFIN;Acc:ZDB-GENE-070820-7]	142	137	187	147	170	352	343	497	506	143	487	497	159.42938074816252	170.88118637933223	289.832774830635	126.2816407240742	171.46803439838496	272.83181980749146	432.4622706131848	512.6090204316038	362.25523348313965	160.4193442928999	359.2759005846109	402.96551539716984
ENSDARG00000031929	1.9971904828506684e-4	0.04197315829170655	0.3682101448760933	14	33270387	33278084	-1	protein_coding	stard14	START domain containing 14 [Source:ZFIN;Acc:ZDB-GENE-040426-963]	410	372	323	482	404	439	234	336	447	301	439	456	460.3242683573706	463.99854987672694	500.62024743473324	414.06633217009363	407.4887405702795	340.2646843621839	295.0325694562252	346.5525771931969	320.01598689123205	337.6658925326075	323.8647235249367	369.72288736641735
ENSDARG00000052515	2.0244245280598986e-4	0.042134753973530274	0.46525934541398356	12	20641102	20652923	1	protein_coding	calcoco2	calcium binding and coiled-coil domain 2 [Source:ZFIN;Acc:ZDB-GENE-050522-346]	101	70	76	137	115	145	68	86	114	62	117	87	113.39695391242545	87.31155508433034	117.79299939640782	117.6910529197154	115.99308209302511	112.38810759115414	85.73596035480048	88.70095725778253	81.61481544877059	69.55244298013841	86.3147440829558	70.53923508964542
ENSDARG00000074667	2.038860630196231e-4	0.042134753973530274	0.2077937297464355	3	30190419	30200557	1	protein_coding	akt1s1	AKT1 substrate 1 (proline-rich) [Source:ZFIN;Acc:ZDB-GENE-030131-482]	1705	1688	1176	2086	1709	2452	1294	1483	2302	1478	2226	2015	1914.275311095895	2105.455785462137	1822.6916748707315	1791.9966159892433	1723.7580634519993	1900.5216538862755	1631.5048926339973	1529.575809456878	1648.046536518157	1658.0404955587835	1642.1933361423899	1633.7535483406382
ENSDARG00000028731	2.0934106273287674e-4	0.042904537311674464	0.8093349169715636	9	41156287	41208343	1	protein_coding	stat4	signal transducer and activator of transcription 4 [Source:ZFIN;Acc:ZDB-GENE-030616-264]	283	89	192	189	147	249	96	122	150	107	142	150	317.7360193783802	111.01040575007714	297.58231426460924	162.36210950238112	148.26941797977992	192.99750889791298	121.03900285383597	125.8315905284822	107.38791506417184	120.03405482056145	104.75806546820277	121.61937084421623
ENSDARG00000055644	2.1310943924135356e-4	0.043318860522510876	0.6904034226297352	6	39098397	39105480	1	protein_coding	prss60.2	serine protease 60.2 [Source:ZFIN;Acc:ZDB-GENE-050320-109]	201	88	83	193	190	273	69	118	128	119	118	152	225.6711657069061	109.763097820301	128.64235460397168	165.7983446241246	191.6407443276067	211.59967843024194	86.99678330119461	121.70596460951558	91.63768752142663	133.4958179780076	87.05247693836569	123.24096245547246
ENSDARG00000117300	2.2780338351693512e-4	0.045929236649077027	1.5955205472475893	18	38859119	38865170	-1	lincRNA	BX936456.1	NA	57	9	46	25	39	27	9	17	9	8	14	25	63.99630072285397	11.22577136798533	71.29576279256263	21.476469510896973	39.33678436198243	20.92744072387008	11.347406517547123	17.533910155608176	6.44327490385031	8.974508771630763	10.328259975738302	20.269895140702708
ENSDARG00000018328	2.3398821612187687e-4	0.046795756222632455	0.26382554406065317	8	27555314	27624329	1	protein_coding	rhocb	ras homolog family member Cb [Source:NCBI gene;Acc:436718]	650	491	519	898	720	871	485	615	828	534	782	719	729.7823766641242	612.4281935200885	804.4021932465218	771.4347848314192	726.2175574519833	675.1037359441052	611.4991290011505	634.3149850411193	592.7812911542285	599.0484605063534	576.9070929305251	582.9621842466098
ENSDARG00000004954	2.3772916937330127e-4	0.04716356537030798	0.6850456652140764	3	29914427	29941357	-1	protein_coding	grna	granulin a [Source:ZFIN;Acc:ZDB-GENE-030131-8434]	116	79	80	80	83	117	48	73	71	45	73	95	130.23808568159754	98.53732645231567	123.99263094358717	68.72470243487031	83.7167462062703	90.68557647010368	60.519501426917984	75.29267302114098	50.830279797041335	50.48161184042304	53.85449844492114	77.02560153467029
ENSDARG00000100660	2.4928675003599684e-4	0.04897138086946541	0.5958227497335421	4	269443	277081	-1	protein_coding	si:ch73-252i11.1	si:ch73-252i11.1 [Source:ZFIN;Acc:ZDB-GENE-141210-7]	94	77	71	134	102	171	70	71	135	47	99	68	105.5377590868118	96.04271059276337	110.04345996243362	115.11387657840777	102.88082063903097	132.54045791784387	88.25760624758873	73.22986006165767	96.64912355775465	52.72523903333073	73.03555268557798	55.134114782711364
ENSDARG00000097137	2.5079097424985313e-4	0.04897138086946541	0.3368119889704624	19	35368602	35369837	1	lincRNA	CR753876.1	NA	545	589	354	714	589	760	415	527	611	459	561	614	611.8944542799195	734.664370638151	548.6673919253733	613.3679692312174	594.0863074155808	589.0687018570837	523.2415227535618	543.5512148238535	437.4267740280599	514.912440772315	413.86813188494193	497.8286246556585
ENSDARG00000038133	2.5359062556983496e-4	0.04913120252739326	0.5131065919153903	3	24640946	24649894	1	protein_coding	zgc:113411	zgc:113411 [Source:ZFIN;Acc:ZDB-GENE-050417-474]	103	93	62	101	106	131	61	66	108	79	75	89	115.64243814831505	115.99963746918174	96.09428898128006	86.76493682402376	106.91536262487531	101.53684203062892	76.91019973004161	68.0728276629494	77.31929884620372	88.62327411985379	55.3299641557409	72.16082670090164
