ID	p	p.adjusted	name
ZFA:0000155	1.1839598498828789E-18	9.48351839756186E-16	"somite"
ZFA:0000279	5.668371056254879E-18	4.540365216060158E-15	"segmental plate"
ZFA:0005145	1.2813659034748628E-17	1.0263740886833652E-14	"muscle"
ZFA:0000548	2.5021735257399376E-16	2.00424099411769E-13	"musculature system"
ZFA:0000393	1.2205566509627251E-15	9.776658774211428E-13	"mesenchyme"
ZFA:0000003	6.55758738391244E-15	5.2526274945138645E-12	"adaxial cell"
ZFA:0001373	1.9093581176345322E-13	1.5293958522252604E-10	"migratory slow muscle precursor cell"
ZFA:0009025	2.8917599357000164E-12	2.316299708495713E-9	"myoblast"
ZFA:0009291	9.201471297915223E-12	7.370378509630094E-9	"muscle precursor cell"
ZFA:0001115	1.1686291050710154E-11	9.360719131618833E-9	"trunk"
ZFA:0000255	1.2164389054257691E-11	9.74367563246041E-9	"paraxial mesoderm"
ZFA:0000591	1.3072433952687139E-11	1.0471019596102399E-8	"presumptive paraxial mesoderm"
ZFA:0009013	2.2200505261843376E-11	1.7782604714736543E-8	"single fate stem cell"
ZFA:0000077	5.526562878465989E-11	4.426776865651257E-8	"tail bud"
ZFA:0009114	2.0197699438052585E-8	1.617835724988012E-5	"muscle cell"
ZFA:0009138	2.820297446690794E-8	2.259058254799326E-5	"mesodermal cell"
ZFA:0000360	1.9150311011668003E-7	1.533939912034607E-4	"heart tube"
ZFA:0001056	5.14003376220743E-7	4.1171670435281513E-4	"myotome"
ZFA:0001185	6.403609131960846E-7	5.129290914700637E-4	"periderm"
ZFA:0005277	6.567143353719858E-7	5.260281826329606E-4	"skeletal muscle"
ZFA:0001377	9.430224084844739E-7	7.553609491960636E-4	"presumptive mesoderm"
ZFA:0000038	1.1074519062394569E-6	8.870689768978049E-4	"margin"
ZFA:0000473	1.344634962263393E-6	0.0010770526047729778	"trunk musculature"
ZFA:0000149	2.0781460906584302E-6	0.0016645950186174026	"primitive heart tube"
ZFA:0000114	4.345188506850491E-6	0.0034804959939872438	"heart"
ZFA:0001484	6.05088804233048E-6	0.004846761321906715	"superficial blastomere"
ZFA:0000086	1.8841033126734074E-5	0.015091667534513993	"EVL"
ZFA:0007115	3.075362247674381E-5	0.024633651603871792	"pericardial region"
ZFA:0000382	3.437225217419401E-5	0.027532173991529404	"acellular anatomical structure"
ZFA:0001719	4.781591795938322E-5	0.03830055028546596	"presumptive cardiac ventricle heart tube"
ZFA:0001720	4.781591795938322E-5	0.03830055028546596	"presumptive cardiac ventricle primitive heart tube"
ZFA:0000115	5.481610091954628E-5	0.04390769683655657	"heart rudiment"
ZFA:0001122	6.292668280071607E-5	0.05040427292337357	"primary germ layer"
ZFA:0000028	6.708789837174683E-5	0.05373740659576921	"heart primordium"
ZFA:0000009	7.130066056158774E-5	0.05711182910983178	"cardiac ventricle"
ZFA:0001179	1.6031369407689796E-4	0.12841126895559526	"epidermal superficial stratum"
ZFA:0000154	2.3806433235710924E-4	0.1906895302180445	"sinus venosus"
ZFA:0000041	3.240700179641034E-4	0.2595800843892468	"mesoderm"
ZFA:0000105	3.5019183576596237E-4	0.28050366044853586	"epidermis"
ZFA:0001307	3.52718290990789E-4	0.282527351083622	"pharyngeal musculature"
ZFA:0001722	3.7229916695770404E-4	0.29821163273312096	"presumptive sinus venosus"
ZFA:0005922	4.147902800986881E-4	0.3322470143590492	"migratory muscle precursor stream"
ZFA:0000328	4.5933167566225385E-4	0.3679246722054653	"cephalic musculature"
ZFA:0001652	7.027547870784871E-4	0.5629065844498682	"head muscle"
ZFA:0000010	0.0011431237453018732	0.9156421199868005	"cardiovascular system"
ZFA:0001308	0.0011436786388391473	0.916086589710157	"organism subdivision"
ZFA:0009063	0.001265085252861263	1.0	"peripheral neuron"
ZFA:0009115	0.001360721055263521	1.0	"skeletal muscle cell"
ZFA:0009236	0.0017774432666073567	1.0	"skeletal muscle myoblast"
ZFA:0005594	0.001824941427677158	1.0	"anatomical surface"
ZFA:0000236	0.001829613645671469	1.0	"mandibular muscle"
ZFA:0009368	0.00191910251138843	1.0	"slow muscle myoblast"
ZFA:0001086	0.0023817638088926042	1.0	"muscle pioneer"
ZFA:0009116	0.0024066479809939836	1.0	"slow muscle cell"
ZFA:0000521	0.0035334381951230326	1.0	"hyoid muscle"
ZFA:0009039	0.00394014040441837	1.0	"squamous epithelial cell"
ZFA:0000292	0.0048915198555234355	1.0	"surface structure"
ZFA:0001453	0.006061172461873696	1.0	"pectoral fin field"
ZFA:0001486	0.006515425836936475	1.0	"epithelium"
ZFA:0005578	0.008271391243130598	1.0	"spinal nerve root"
ZFA:0000204	0.008527378750802306	1.0	"esophagus"
ZFA:0000705	0.009539274530546758	1.0	"ventral root"
ZFA:0000081	0.009648073197566364	1.0	"trunk mesenchyme"
ZFA:0009000	0.013119664290628106	1.0	"cell"
ZFA:0005743	0.015757575757575838	1.0	"pancreatic D cell"
ZFA:0009228	0.0167593038955107	1.0	"D cell"
ZFA:0009362	0.01745008239074516	1.0	"neuromast mantle cell"
ZFA:0001473	0.019870082342862822	1.0	"deep blastomere"
ZFA:0005425	0.023254154601539047	1.0	"serous membrane"
ZFA:0009128	0.027726493982426645	1.0	"electrically active cell"
ZFA:0009307	0.027848787590605068	1.0	"somatic stem cell"
ZFA:0000789	0.02843566369415327	1.0	"mesoderm pectoral fin bud"
ZFA:0009280	0.02899863611249037	1.0	"Muller cell"
ZFA:0001319	0.029037082184545475	1.0	"myocardium"
ZFA:0005333	0.03153092787569147	1.0	"tongue"
ZFA:0001701	0.03153481169624481	1.0	"tunica interna swim bladder"
ZFA:0001687	0.03213611937289744	1.0	"corneal endothelium"
ZFA:0000511	0.03760530646774263	1.0	"extraocular musculature"
ZFA:0000138	0.038600777136508106	1.0	"otic placode"
ZFA:0000053	0.04090239675357854	1.0	"presumptive segmental plate"
ZFA:0001510	0.04776168125079256	1.0	"basihyal cartilage"
ZFA:0000471	0.04815820823226412	1.0	"atrium"
ZFA:0005294	0.04878048780487835	1.0	"collecting duct"
ZFA:0005007	0.04918032786885295	1.0	"aortic arch 3"
ZFA:0005132	0.04946222488980919	1.0	"visceral peritoneum"
ZFA:0009079	0.0537798196693035	1.0	"corneal endothelial cell"
ZFA:0009105	0.05391880621238234	1.0	"somatostatin secreting cell"
ZFA:0009242	0.05645909323240606	1.0	"primary neuron"
ZFA:0000172	0.05968649807856195	1.0	"branchial muscle"
ZFA:0005596	0.05995812566581602	1.0	"paired fin"
ZFA:0001718	0.06406259971539455	1.0	"presumptive atrium heart tube"
ZFA:0001721	0.06406259971539455	1.0	"presumptive atrium primitive heart tube"
ZFA:0005117	0.06520323084939127	1.0	"anterior lateral line primordium"
ZFA:0005008	0.06542056074766515	1.0	"aortic arch 4"
ZFA:0001161	0.06599341508869415	1.0	"pectoral fin"
ZFA:0001089	0.06604295380918346	1.0	"myoseptum"
ZFA:0005598	0.06818181818182042	1.0	"pancreatic epsilon cell"
ZFA:0000037	0.07149927734462455	1.0	"anatomical structure"
ZFA:0001065	0.07587104541863257	1.0	"lateral mesoderm"
ZFA:0009078	0.07627749638595871	1.0	"gut endothelial cell"
ZFA:0001378	0.07684732841229516	1.0	"axial hypoblast"
ZFA:0000563	0.07734001108463151	1.0	"pectoral fin musculature"
ZFA:0007088	0.0831321066868146	1.0	"premigratory cranial neural crest"
ZFA:0007087	0.08409651984007302	1.0	"migratory cranial neural crest"
ZFA:0000862	0.08661491334612599	1.0	"caudal fin skeleton"
ZFA:0009126	0.09000000000000177	1.0	"taste receptor cell"
ZFA:0000949	0.09008729086036425	1.0	"rhombomere 7"
ZFA:0001688	0.0904581192167142	1.0	"corneal primordium"
ZFA:0000034	0.09426576420575852	1.0	"lateral line system"
ZFA:0005118	0.09632707908226253	1.0	"middle lateral line primordium"
ZFA:0005337	0.09769035629052503	1.0	"anterior swim bladder bud"
ZFA:0001619	0.09769035629052503	1.0	"optic fiber layer"
ZFA:0000316	0.10117976879368686	1.0	"basihyal bone"
ZFA:0001460	0.10159067651264697	1.0	"pharyngeal arch cartilage"
ZFA:0009097	0.10237900947837211	1.0	"enteroendocrine cell"
ZFA:0000407	0.10584424909297901	1.0	"pectoral girdle"
ZFA:0000117	0.10671241441537796	1.0	"hypoblast"
ZFA:0000071	0.10814765601846328	1.0	"shield"
ZFA:0001272	0.10867135069513909	1.0	"palatoquadrate arch"
ZFA:0001327	0.11022987912071211	1.0	"abdominal musculature"
ZFA:0000288	0.11225811950798745	1.0	"supracarinalis"
ZFA:0009244	0.12602278271714268	1.0	"primary motor neuron"
ZFA:0005054	0.13013306834438382	1.0	"inner optic circle"
ZFA:0005082	0.13013306834438382	1.0	"dorsal branch nasal ciliary artery"
ZFA:0005083	0.13013306834438382	1.0	"ventral branch nasal ciliary artery"
ZFA:0005621	0.13277428371767952	1.0	"bone tissue"
ZFA:0005053	0.13295670770849624	1.0	"nasal ciliary artery"
ZFA:0000135	0.13778238476912485	1.0	"notochord"
ZFA:0001462	0.13884619395682146	1.0	"somite border"
ZFA:0005120	0.14148509963327716	1.0	"peritoneum"
ZFA:0000301	0.14376054324730747	1.0	"medial rectus"
ZFA:0001324	0.14436545689529084	1.0	"enteric musculature"
ZFA:0005016	0.14591194968553398	1.0	"aortic arch 6"
ZFA:0000286	0.14683502246202843	1.0	"superficial lateralis"
ZFA:0001283	0.14754005982000873	1.0	"pupil"
ZFA:0005566	0.14848582781460629	1.0	"anterior segment eye"
ZFA:0000547	0.14973019579991145	1.0	"mouth"
ZFA:0007049	0.15048280671197564	1.0	"adductor mandibulae"
ZFA:0001026	0.15095790147295196	1.0	"supraorbital lateral line neuromast"
ZFA:0000476	0.15333745754013822	1.0	"branchiostegal ray"
ZFA:0005060	0.15748757860881826	1.0	"trabecular layer of ventricle"
ZFA:0005647	0.1638362289334291	1.0	"tendon"
ZFA:0001306	0.16478680398561496	1.0	"pharyngeal arch"
ZFA:0009102	0.16531143659552167	1.0	"pancreatic B cell"
ZFA:0009369	0.16897555098664202	1.0	"fast muscle myoblast"
ZFA:0001430	0.16917980482125675	1.0	"pneumatic duct"
ZFA:0000443	0.17078224211591414	1.0	"supraorbital lateral line"
ZFA:0005009	0.1710891089108925	1.0	"aortic arch 5"
ZFA:0005153	0.1727491068658339	1.0	"synovial joint"
ZFA:0005572	0.17442550037063156	1.0	"periocular mesenchyme"
ZFA:0009401	0.175003257917094	1.0	"lens fiber cell"
ZFA:0000118	0.17583587291321395	1.0	"hypophysis"
ZFA:0001611	0.1762344232659091	1.0	"pharyngeal arch 2"
ZFA:0001632	0.17740881005239367	1.0	"portion of connective tissue"
ZFA:0001458	0.1774611928841146	1.0	"cranial cartilage"
ZFA:0009075	0.1777748664117645	1.0	"astrocyte"
ZFA:0009258	0.17988396632657347	1.0	"angioblastic mesenchymal cell"
ZFA:0009179	0.18115074557114821	1.0	"muscle stem cell"
ZFA:0000125	0.181282218094624	1.0	"mandibular lateral line neuromast"
ZFA:0000091	0.18326454277588847	1.0	"axial chorda mesoderm"
ZFA:0001376	0.18329121641470042	1.0	"presumptive ectoderm"
ZFA:0000259	0.18514099117018035	1.0	"mandibular lateral line"
ZFA:0001596	0.18777444222773618	1.0	"joint"
ZFA:0007046	0.1878857016258979	1.0	"midbrain hindbrain boundary neural rod"
ZFA:0009177	0.1882333430351581	1.0	"blastoderm cell"
ZFA:0005274	0.18904318614600385	1.0	"smooth muscle"
ZFA:0000186	0.19217541897358698	1.0	"common cardinal vein"
ZFA:0005784	0.1948334734464466	1.0	"striated muscle cell"
ZFA:0000813	0.19623596753580533	1.0	"infraorbital lateral line neuromast"
ZFA:0000814	0.1966363543575729	1.0	"opercular lateral line neuromast"
ZFA:0000400	0.1993124521933047	1.0	"occipital lateral line"
ZFA:0000424	0.1993124521933047	1.0	"opercular lateral line"
ZFA:0007048	0.20131354606784824	1.0	"ventral intermandibularis posterior"
ZFA:0000697	0.20170277492669855	1.0	"cranial nerve V"
ZFA:0000444	0.20356337145271058	1.0	"suspensorium"
ZFA:0001290	0.20422669150190442	1.0	"stomodeum"
ZFA:0000072	0.20517167835188063	1.0	"somite 1"
ZFA:0001109	0.20622663837775507	1.0	"oocyte"
ZFA:0000019	0.2062942728966639	1.0	"epiphysis"
ZFA:0007117	0.20715696761008245	1.0	"Meckel's cartilage-palatoquadrate cartilage joint"
ZFA:0001126	0.2083247473277461	1.0	"noninvoluting endocytic marginal cell cluster"
ZFA:0005923	0.2088261451596026	1.0	"anterior migratory muscle precursor stream"
ZFA:0000023	0.21031061121430975	1.0	"forerunner cell group"
ZFA:0000344	0.21089899778418908	1.0	"middle lateral line"
ZFA:0001025	0.2113769717088003	1.0	"occipital lateral line neuromast"
ZFA:0000524	0.2132982608886145	1.0	"infraorbital lateral line"
ZFA:0005061	0.2145545216979179	1.0	"ventricular myocardium"
ZFA:0001209	0.21562306212481466	1.0	"presumptive rhombomere 7"
ZFA:0005498	0.21650041218611654	1.0	"epihyal-branchiostegal ray joint"
ZFA:0009251	0.21885828858183176	1.0	"granulocyte monocyte progenitor cell"
ZFA:0001330	0.22313099625470886	1.0	"retinal outer plexiform layer"
ZFA:0005010	0.22578247236879762	1.0	"mid cerebral vein"
ZFA:0000939	0.2258803837233465	1.0	"middle lateral line neuromast"
ZFA:0005599	0.22593151950949353	1.0	"ghrelin secreting cell"
ZFA:0009104	0.22787421543913386	1.0	"pancreatic A cell"
ZFA:0007045	0.22789362159151372	1.0	"midbrain hindbrain boundary neural keel"
ZFA:0007122	0.22907107518730557	1.0	"epidermal stem cell"
ZFA:0009239	0.2295504906696802	1.0	"efferent neuron"
ZFA:0001116	0.2299852262846651	1.0	"presumptive structure"
ZFA:0009014	0.23018737729480918	1.0	"hematopoietic stem cell"
ZFA:0000488	0.23026361894688557	1.0	"ceratobranchial bone"
ZFA:0009361	0.23032513285020298	1.0	"serotonergic neuron"
ZFA:0009100	0.23205804197267424	1.0	"peptide hormone secreting cell"
ZFA:0009117	0.23394240542131103	1.0	"fast muscle cell"
ZFA:0000153	0.23398762031155296	1.0	"rhombomere 8"
ZFA:0005338	0.23414993416672925	1.0	"posterior recess"
ZFA:0001085	0.2344278233349576	1.0	"hypaxial myotome region"
ZFA:0000590	0.23457452397200965	1.0	"oral region"
ZFA:0005619	0.23710517523069585	1.0	"skeletal tissue"
ZFA:0000368	0.23781228680387984	1.0	"integument"
ZFA:0009309	0.23915928951834325	1.0	"leukocyte"
ZFA:0001105	0.2403207706383793	1.0	"embryonic structure"
ZFA:0000464	0.24071942823842152	1.0	"otic lateral line"
ZFA:0000728	0.25032455288284317	1.0	"somite 2"
ZFA:0009073	0.2517266298324123	1.0	"glial cell"
ZFA:0009166	0.25339913053491236	1.0	"mesenchyme condensation cell"
ZFA:0000136	0.2541886712205558	1.0	"otic lateral line neuromast"
ZFA:0001055	0.25568719831215064	1.0	"pronephric duct opening"
ZFA:0000640	0.2587544925773605	1.0	"cornea"
ZFA:0000664	0.2613562742543532	1.0	"cranial nerve VII"
ZFA:0009052	0.26262137908469996	1.0	"motor neuron"
ZFA:0009002	0.26400475797888245	1.0	"early embryonic cell"
ZFA:0001317	0.2649399779907686	1.0	"endocardial cushion"
ZFA:0005042	0.2674361650975739	1.0	"posterior lateral plate mesoderm"
ZFA:0001645	0.2691396046937863	1.0	"angular bone"
ZFA:0000026	0.27119343532802775	1.0	"hatching gland"
ZFA:0000482	0.27126782012770123	1.0	"caudal tuberal nucleus"
ZFA:0000678	0.27376685441198495	1.0	"hair cell anterior macula"
ZFA:0001477	0.27516400459163376	1.0	"portion of tissue"
ZFA:0001399	0.2752482115369329	1.0	"palatoquadrate cartilage"
ZFA:0001359	0.27706895247515123	1.0	"pineal complex"
ZFA:0001101	0.2809423386624358	1.0	"gustatory system"
ZFA:0001608	0.2811748476679556	1.0	"pharyngeal arch 5"
ZFA:0000369	0.28204575013366984	1.0	"intermandibularis"
ZFA:0001402	0.28298055638901987	1.0	"ventral hyoid arch"
ZFA:0000170	0.28427139226309783	1.0	"basibranchial"
ZFA:0007047	0.28521578812811155	1.0	"midbrain hindbrain boundary neural tube"
ZFA:0001702	0.2853027184522896	1.0	"apical ectodermal ridge"
ZFA:0001273	0.28601738652980024	1.0	"ventral mandibular arch"
ZFA:0000095	0.2883715948567396	1.0	"pharyngeal arch 3-7 skeleton"
ZFA:0001326	0.2884526724863678	1.0	"lens epithelium"
ZFA:0001470	0.2941761650873117	1.0	"anterior lateral line"
ZFA:0000694	0.2942305667219843	1.0	"ceratobranchial 5 tooth"
ZFA:0000467	0.2947816910347496	1.0	"anguloarticular"
ZFA:0001138	0.2952744002405327	1.0	"vestibuloauditory system"
ZFA:0005486	0.30188679245282746	1.0	"quadrate-metapterygoid joint"
ZFA:0001180	0.3023851507026049	1.0	"epidermal basal stratum"
ZFA:0001609	0.30328206042019157	1.0	"pharyngeal arch 6"
ZFA:0000064	0.30385829265905795	1.0	"presumptive retinal pigmented epithelium"
ZFA:0001205	0.30619061560020366	1.0	"Meckel's cartilage"
ZFA:0000821	0.3083037384239016	1.0	"primary neuron hindbrain"
ZFA:0001220	0.30854282915920406	1.0	"copula"
ZFA:0005317	0.31214555023685925	1.0	"pectoral fin fold"
ZFA:0000144	0.3145509942448912	1.0	"retinal pigmented epithelium"
ZFA:0000120	0.3172289641082077	1.0	"lateral line ganglion"
ZFA:0000621	0.3210402971943659	1.0	"quadrate"
ZFA:0005003	0.3224752277811942	1.0	"pharyngeal vasculature"
ZFA:0001516	0.3227750251021565	1.0	"ceratobranchial cartilage"
ZFA:0005114	0.3228699441563102	1.0	"middle lateral line system"
ZFA:0005138	0.3236322197094561	1.0	"dental organ"
ZFA:0007044	0.32540849693838864	1.0	"midbrain hindbrain boundary neural plate"
ZFA:0001580	0.3260261864085493	1.0	"neurocranium"
ZFA:0001029	0.32704495299192593	1.0	"inner limiting membrane"
ZFA:0000610	0.3277170448576057	1.0	"vertical myoseptum"
ZFA:0001074	0.330357594185467	1.0	"taste bud"
ZFA:0000317	0.33156144919172087	1.0	"postcranial axial skeleton"
ZFA:0000457	0.33305511598521886	1.0	"ventral rectus"
ZFA:0000509	0.3332811235294598	1.0	"epithalamus"
ZFA:0000435	0.335327479947345	1.0	"cranial nerve II"
ZFA:0009246	0.33639502901587065	1.0	"secondary neuron"
ZFA:0001644	0.3367513597304229	1.0	"articular cartilage"
ZFA:0000001	0.3372338217978489	1.0	"Kupffer's vesicle"
ZFA:0001123	0.33735647396466967	1.0	"axial fin skeleton"
ZFA:0005494	0.34181141648534125	1.0	"skeletal element"
ZFA:0001642	0.34220328347027806	1.0	"tooth row"
ZFA:0005134	0.342497642860813	1.0	"dental epithelium"
ZFA:0000035	0.3433891521085084	1.0	"lens"
ZFA:0005280	0.34601228718921156	1.0	"cardiac muscle"
ZFA:0001464	0.34610998619440736	1.0	"retinal outer nuclear layer"
ZFA:0009010	0.3509028356706499	1.0	"glioblast"
ZFA:0000541	0.35105673998841447	1.0	"marginal blastomere"
ZFA:0005245	0.3521454967402182	1.0	"xanthoblast"
ZFA:0001260	0.35267020978951874	1.0	"endocrine pancreas"
ZFA:0005147	0.3557271033396988	1.0	"regenerating tissue"
ZFA:0000903	0.35593220338982806	1.0	"interpeduncular nucleus tegmentum"
ZFA:0000184	0.35683458204870633	1.0	"cleithrum"
ZFA:0009303	0.3584158415841607	1.0	"endothelial tip cell"
ZFA:0000738	0.3595971150715429	1.0	"dorsal oblique extraocular muscle"
ZFA:0000861	0.3595971150715429	1.0	"ventral oblique extraocular muscle"
ZFA:0005282	0.36025479371680813	1.0	"nephron"
ZFA:0001227	0.36339640903905823	1.0	"mandibular arch skeleton"
ZFA:0005465	0.36387909033936955	1.0	"ceratohyal-branchiostegal ray joint"
ZFA:0001198	0.3650326633364254	1.0	"adenohypophyseal placode"
ZFA:0001098	0.3679558011049492	1.0	"immature hair cell anterior macula"
ZFA:0001153	0.3711513283034267	1.0	"tooth placode"
ZFA:0000069	0.37140300248494884	1.0	"rhombomere 6"
ZFA:0001214	0.37166829681743896	1.0	"presumptive rhombomere 8"
ZFA:0005025	0.37421021345729266	1.0	"dorsal longitudinal anastomotic vessel"
ZFA:0005618	0.37735849056603393	1.0	"anguloarticular-retroarticular joint"
ZFA:0001612	0.37960460522555206	1.0	"pharyngeal arch 1"
ZFA:0001157	0.38085475477057074	1.0	"posterior lateral line primordium"
ZFA:0005484	0.3809523809523812	1.0	"quadrate-anguloarticular joint"
ZFA:0007058	0.3832542334390722	1.0	"roof plate"
ZFA:0000383	0.3850946373422045	1.0	"lateral rectus"
ZFA:0009081	0.38795675597064383	1.0	"mesenchymal cell"
ZFA:0009243	0.3885486397949085	1.0	"CaP motoneuron"
ZFA:0001613	0.3885835758366825	1.0	"pharyngeal arch 3-7"
ZFA:0001083	0.3888786473240842	1.0	"ventricular zone"
ZFA:0001000	0.3912580262081071	1.0	"mesenchyme pectoral fin"
ZFA:0005606	0.39322518187964817	1.0	"cranial vault"
ZFA:0000066	0.39520600821425	1.0	"proctodeum"
ZFA:0005180	0.3952586684391284	1.0	"RoP motor neuron"
ZFA:0001064	0.39621740056890553	1.0	"rhombomere"
ZFA:0000436	0.3962731397421803	1.0	"spleen"
ZFA:0001679	0.3974914363284221	1.0	"solid lens vesicle"
ZFA:0009310	0.39773297306872313	1.0	"retinal ganglion cell"
ZFA:0000948	0.40127193264251126	1.0	"rhombomere 3"
ZFA:0000142	0.4020941875858929	1.0	"peripheral nervous system"
ZFA:0005059	0.4023000533964805	1.0	"trabecular layer"
ZFA:0001610	0.40436445446122654	1.0	"pharyngeal arch 7"
ZFA:0005316	0.4048823741933242	1.0	"fin fold pectoral fin bud"
ZFA:0001370	0.40594516080309545	1.0	"posterior pancreatic bud"
ZFA:0009253	0.41189307146750676	1.0	"promonocyte"
ZFA:0007028	0.41248366978984474	1.0	"spinal cord neural keel"
ZFA:0000073	0.4138368224479943	1.0	"somite 5"
ZFA:0000711	0.41454738088817417	1.0	"DEL"
ZFA:0000042	0.41545316050102343	1.0	"midbrain hindbrain boundary"
ZFA:0000434	0.41679791508179664	1.0	"skeletal system"
ZFA:0001216	0.4185216014259226	1.0	"splanchnocranium"
ZFA:0000692	0.4194693315785124	1.0	"symplectic"
ZFA:0001288	0.42063380330215655	1.0	"renal glomerulus"
ZFA:0000122	0.42093032797599295	1.0	"lens placode"
ZFA:0001276	0.42093942540362245	1.0	"pharyngeal arch 2 skeleton"
ZFA:0000403	0.42099380319325963	1.0	"ovary"
ZFA:0001514	0.42119794348000694	1.0	"bone element"
ZFA:0000737	0.42130350819493234	1.0	"cranium"
ZFA:0005057	0.42249487104571504	1.0	"epicardium"
ZFA:0009041	0.4233128318143485	1.0	"peridermal cell"
ZFA:0001174	0.42503948751343873	1.0	"pharyngeal epithelium"
ZFA:0005289	0.4287843102167606	1.0	"renal duct"
ZFA:0000160	0.428877034803577	1.0	"tegmentum"
ZFA:0005808	0.4318068676747365	1.0	"proepicardial cluster"
ZFA:0001195	0.43233655775413626	1.0	"pars anterior"
ZFA:0007124	0.4390160939121437	1.0	"keratinocyte progenitor cell"
ZFA:0000111	0.4393286970966199	1.0	"germ ring"
ZFA:0007085	0.44132308646581375	1.0	"migratory neural crest"
ZFA:0001080	0.44253146563389956	1.0	"sclerotome"
ZFA:0007083	0.44561499699298635	1.0	"premigratory neural crest"
ZFA:0005281	0.4479369988073736	1.0	"renal corpuscle"
ZFA:0009157	0.4497487442091942	1.0	"keratin accumulating cell"
ZFA:0000243	0.4521670965423265	1.0	"neuromast"
ZFA:0000141	0.4533718290598442	1.0	"pectoral fin bud"
ZFA:0000018	0.4538469996405383	1.0	"epiblast"
ZFA:0001238	0.4543345182722476	1.0	"iris"
ZFA:0005156	0.45473203506587606	1.0	"fibrous joint"
ZFA:0000119	0.4548155496803843	1.0	"retinal inner nuclear layer"
ZFA:0000024	0.455094698849446	1.0	"retinal ganglion cell layer"
ZFA:0005326	0.4565217391304305	1.0	"NaK ionocyte"
ZFA:0005227	0.4597385047447604	1.0	"protoneuromast"
ZFA:0001670	0.4608728139316905	1.0	"notochord posterior region"
ZFA:0009130	0.4695374409988498	1.0	"lining cell"
ZFA:0001285	0.47022426297587994	1.0	"intersegmental vessel"
ZFA:0001639	0.47240559651494113	1.0	"vascular endothelium"
ZFA:0001315	0.47429958468518685	1.0	"atrioventricular canal"
ZFA:0001489	0.47429958468518685	1.0	"compound organ component"
ZFA:0000048	0.4764807965327349	1.0	"olfactory placode"
ZFA:0001057	0.47839367225680846	1.0	"intersegmental vein"
ZFA:0009363	0.4784355379245804	1.0	"neuromast support cell"
ZFA:0001176	0.479656497011838	1.0	"blastoderm"
ZFA:0000857	0.4820548663410843	1.0	"somite 4"
ZFA:0005179	0.482678338610541	1.0	"MiP motor neuron"
ZFA:0000529	0.4832524277248922	1.0	"kidney"
ZFA:0001229	0.4866360082788931	1.0	"pharyngeal arch 7 skeleton"
ZFA:0009249	0.48760942399312046	1.0	"melanoblast"
ZFA:0001120	0.4912561729491902	1.0	"neuroectoderm"
ZFA:0005004	0.49183214850922524	1.0	"aortic arch"
ZFA:0001383	0.4935653522336628	1.0	"fin bud"
ZFA:0000088	0.4938088122307861	1.0	"yolk syncytial layer"
ZFA:0005781	0.49424170151922703	1.0	"cloaca"
ZFA:0007070	0.49640287769785213	1.0	"otic sensory epithelium"
ZFA:0005297	0.4997078881931963	1.0	"cranial blood vessel"
ZFA:0001569	0.5030578674644974	1.0	"oocyte stage V"
ZFA:0000522	0.5032027023238752	1.0	"inferior hyohyoid"
ZFA:0001591	0.5039194173865292	1.0	"endochondral bone"
ZFA:0000121	0.5051529273495592	1.0	"lateral plate mesoderm"
ZFA:0007062	0.5064892752157975	1.0	"olfactory field"
ZFA:0001472	0.5066985115250799	1.0	"anterior lateral line neuromast"
ZFA:0005472	0.5070422535211306	1.0	"inter-frontal joint"
ZFA:0000108	0.5079752642394629	1.0	"fin"
ZFA:0000671	0.5081731136446725	1.0	"horizontal myoseptum"
ZFA:0000622	0.5087977821035743	1.0	"barbel"
ZFA:0005035	0.5107780786727887	1.0	"subintestinal vein"
ZFA:0005041	0.5145592159360914	1.0	"anterior lateral plate mesoderm"
ZFA:0001723	0.5145592159360914	1.0	"presumptive atrioventricular canal"
ZFA:0000944	0.5156289069170743	1.0	"posterior lateral line"
ZFA:0005620	0.5168089222435454	1.0	"endochondral element"
ZFA:0005624	0.5168089222435454	1.0	"replacement element"
ZFA:0007008	0.518647617434642	1.0	"ventral intermandibularis anterior"
ZFA:0001204	0.5199753196872796	1.0	"axial mesoderm"
ZFA:0000047	0.5209374026487452	1.0	"peripheral olfactory organ"
ZFA:0009103	0.5221468340734241	1.0	"glucagon secreting cell"
ZFA:0005257	0.5240341012152684	1.0	"blood vessel endothelium"
ZFA:0000761	0.5290072875749177	1.0	"basal plate midbrain region"
ZFA:0001329	0.5303028930639402	1.0	"retinal inner plexiform layer"
ZFA:0000101	0.5304748039364138	1.0	"diencephalon"
ZFA:0000054	0.5324504881151169	1.0	"pericardium"
ZFA:0007006	0.5360473550477776	1.0	"lip"
ZFA:0009247	0.5361923204304715	1.0	"secondary motor neuron"
ZFA:0005335	0.5369707723669503	1.0	"swim bladder bud"
ZFA:0009350	0.5390175042348028	1.0	"pro-T cell"
ZFA:0000076	0.5435478339489481	1.0	"swim bladder"
ZFA:0005859	0.5448625687666255	1.0	"ceratohyal-interhyal joint"
ZFA:0009023	0.5472025529612325	1.0	"common lymphoid progenitor"
ZFA:0005771	0.5478672268721203	1.0	"ectomesenchyme"
ZFA:0000027	0.5492255650700368	1.0	"paired fin skeleton"
ZFA:0000608	0.5499999999999994	1.0	"ventral transverse"
ZFA:0009120	0.5523510278993305	1.0	"mechanoreceptor cell"
ZFA:0000208	0.553435846691788	1.0	"gall bladder"
ZFA:0000056	0.5537371338716804	1.0	"pharynx"
ZFA:0001149	0.5541891923640472	1.0	"olfactory system"
ZFA:0009124	0.5556038804502578	1.0	"chemoreceptor cell"
ZFA:0005336	0.5588641862281055	1.0	"presumptive swim bladder"
ZFA:0000207	0.559060544891406	1.0	"fin musculature"
ZFA:0005295	0.5618514834920153	1.0	"axial blood vessel"
ZFA:0005616	0.5660377358490526	1.0	"quadrate-entopterygoid joint"
ZFA:0001683	0.5669883126824837	1.0	"corneal epithelium"
ZFA:0009034	0.5670833930283437	1.0	"epithelial cell"
ZFA:0001498	0.5701537242669853	1.0	"simple squamous epithelium"
ZFA:0009031	0.5720675170955789	1.0	"osteoblast"
ZFA:0000462	0.5725232554879789	1.0	"abductor hyohyoid"
ZFA:0009168	0.5735011475023981	1.0	"neuroblast (sensu Vertebrata)"
ZFA:0001665	0.5741010650669811	1.0	"midbrain nucleus"
ZFA:0001082	0.5761272234830168	1.0	"chordo neural hinge"
ZFA:0001095	0.5800421499084598	1.0	"immature macula"
ZFA:0009003	0.5834877402210137	1.0	"cranial neural crest cell"
ZFA:0001320	0.585024301984478	1.0	"endocardium"
ZFA:0001267	0.5867860989621729	1.0	"cranial vasculature"
ZFA:0000863	0.5873544687832546	1.0	"dermatocranium"
ZFA:0001400	0.5875355296201934	1.0	"ceratohyal cartilage"
ZFA:0001724	0.5897610502591188	1.0	"presumptive endocardium"
ZFA:0001469	0.5907102535159104	1.0	"lateral line"
ZFA:0000354	0.594052801381981	1.0	"gill"
ZFA:0009292	0.5949943432209623	1.0	"radial glial cell"
ZFA:0001689	0.5995158469723081	1.0	"anatomical line"
ZFA:0000597	0.6006025758022064	1.0	"telencephalic white matter"
ZFA:0001187	0.6016647139115625	1.0	"presumptive midbrain hindbrain boundary"
ZFA:0001282	0.6064360886674912	1.0	"adenohypophysis"
ZFA:0005327	0.6086956521739068	1.0	"vH ionocyte"
ZFA:0001032	0.6097163184846536	1.0	"rhombomere 4"
ZFA:0005323	0.6119221296501459	1.0	"ionocyte"
ZFA:0000732	0.612199846219704	1.0	"somite 3"
ZFA:0009101	0.6149989856411697	1.0	"insulin secreting cell"
ZFA:0009250	0.6153123958931734	1.0	"lymphocyte"
ZFA:0005915	0.6160142331595901	1.0	"iris melanophore layer"
ZFA:0001093	0.6173242961970102	1.0	"unspecified"
ZFA:0007123	0.6190184863703768	1.0	"ionocyte progenitor cell"
ZFA:0000130	0.6208263108631207	1.0	"olfactory pit"
ZFA:0005851	0.6220368744512761	1.0	"ceratobranchial 5 primary tooth"
ZFA:0001096	0.6231884057971027	1.0	"immature anterior macula"
ZFA:0001210	0.623621915239881	1.0	"presumptive rhombomere 6"
ZFA:0009074	0.6237101584635049	1.0	"macroglial cell"
ZFA:0000384	0.6250430274480405	1.0	"levator arcus palatini"
ZFA:0007051	0.6251855517070591	1.0	"interhyoideus"
ZFA:0001555	0.6283079934526414	1.0	"epibranchial ganglion"
ZFA:0000058	0.6330232267475278	1.0	"polster"
ZFA:0001173	0.6355471556432118	1.0	"dorsal fin"
ZFA:0009096	0.6357194377136217	1.0	"endocrine cell"
ZFA:0009027	0.642494177281455	1.0	"chondroblast"
ZFA:0001159	0.6462650214371174	1.0	"immune system"
ZFA:0005119	0.6473769158112184	1.0	"barbel primordium"
ZFA:0001490	0.6498781745756014	1.0	"cavitated compound organ"
ZFA:0009355	0.650659503415642	1.0	"lymphoid progenitor cell"
ZFA:0000060	0.6514365731835478	1.0	"prechordal plate"
ZFA:0000943	0.6521712195542078	1.0	"pectoral fin skeleton"
ZFA:0009256	0.6569767441859955	1.0	"nucleate erythrocyte"
ZFA:0000940	0.6578642967722504	1.0	"posterior lateral line neuromast"
ZFA:0005577	0.6579232308213567	1.0	"tegmental nucleus"
ZFA:0001568	0.6583570030382468	1.0	"oocyte stage IV"
ZFA:0001401	0.6589035952991229	1.0	"dorsal hyoid arch"
ZFA:0007057	0.6607986260197195	1.0	"ocular blood vessel"
ZFA:0001117	0.6610368726051494	1.0	"post-vent region"
ZFA:0009090	0.6656644488627571	1.0	"pigment cell"
ZFA:0001468	0.6659185269553258	1.0	"anterior lateral line system"
ZFA:0009036	0.6683029779597977	1.0	"blood vessel endothelial cell"
ZFA:0001094	0.6692348297748624	1.0	"whole organism"
ZFA:0005631	0.6696428571428477	1.0	"preopercle horizontal limb-symplectic joint"
ZFA:0000505	0.67242265635679	1.0	"dorsal telencephalon"
ZFA:0001104	0.6768825042727076	1.0	"pharyngeal endoderm"
ZFA:0001439	0.6770212465983464	1.0	"anatomical system"
ZFA:0001422	0.6785094873048777	1.0	"hyosymplectic cartilage"
ZFA:0001310	0.6826736451060482	1.0	"dorsolateral placode"
ZFA:0009017	0.682868385857817	1.0	"monoblast"
ZFA:0009262	0.6830601092896035	1.0	"retinal cone cell"
ZFA:0000217	0.6835069641333127	1.0	"inner ear"
ZFA:0000161	0.6847576163615914	1.0	"third ventricle"
ZFA:0000051	0.6868042933396847	1.0	"otic vesicle"
ZFA:0000537	0.6872121381619283	1.0	"levator operculi"
ZFA:0001607	0.6880066858651082	1.0	"pharyngeal arch 4"
ZFA:0000330	0.6899786285556162	1.0	"cloacal chamber"
ZFA:0001565	0.6915527792488592	1.0	"oocyte stage II"
ZFA:0000045	0.6949235117625504	1.0	"neural crest"
ZFA:0007082	0.696031542405013	1.0	"neural plate border"
ZFA:0001628	0.6962737600857584	1.0	"replacement bone"
ZFA:0000004	0.6971062468440926	1.0	"anterior axial hypoblast"
ZFA:0001643	0.6992375175764853	1.0	"anatomical space"
ZFA:0000102	0.7006270209939467	1.0	"dorsal fin fold"
ZFA:0000413	0.7011616458992148	1.0	"gonad"
ZFA:0009127	0.7022122696154316	1.0	"photoreceptor cell"
ZFA:0001501	0.7022216352324577	1.0	"cartilage element"
ZFA:0000822	0.7044353649401287	1.0	"rhombomere 2"
ZFA:0001213	0.7044535204559028	1.0	"presumptive rhombomere 3"
ZFA:0001478	0.7104101320038104	1.0	"anatomical cluster"
ZFA:0000173	0.7104632555996631	1.0	"bulbus arteriosus"
ZFA:0001512	0.7140904046586048	1.0	"anatomical group"
ZFA:0000574	0.7141760180618872	1.0	"presumptive diencephalon"
ZFA:0001031	0.7148013162982166	1.0	"rhombomere 1"
ZFA:0000046	0.7170558707977216	1.0	"retinal neural layer"
ZFA:0000013	0.7171791331017685	1.0	"cranial ganglion"
ZFA:0001566	0.7179430279792339	1.0	"oocyte stage III"
ZFA:0009139	0.7184381058061887	1.0	"endodermal cell"
ZFA:0005325	0.7211351186105168	1.0	"integument ionocyte"
ZFA:0001287	0.7212962962963042	1.0	"renal tubule"
ZFA:0000641	0.7216027431672185	1.0	"cranial nerve"
ZFA:0001106	0.7237779063301197	1.0	"pharyngeal pouch"
ZFA:0000085	0.7244392907739541	1.0	"apical ectodermal ridge pectoral fin bud"
ZFA:0009183	0.7262579690038858	1.0	"epidermal cell"
ZFA:0009141	0.7276661767107084	1.0	"macrophage"
ZFA:0009132	0.7281275010650082	1.0	"barrier cell"
ZFA:0001521	0.7301871031585088	1.0	"ceratobranchial 5 cartilage"
ZFA:0001078	0.7316679397418087	1.0	"thymus"
ZFA:0005155	0.7405763887975421	1.0	"cartilaginous joint"
ZFA:0005023	0.7424104777725509	1.0	"hematopoietic system"
ZFA:0000465	0.7425840434332559	1.0	"adductor operculi"
ZFA:0001712	0.7430714085793075	1.0	"presumptive bulbus arteriosus"
ZFA:0001567	0.7433906617423067	1.0	"oocyte stage I"
ZFA:0000140	0.7451949739675954	1.0	"pancreas"
ZFA:0007061	0.7472425052451044	1.0	"epibranchial field"
ZFA:0001651	0.7526664643485776	1.0	"sternohyoid"
ZFA:0009136	0.7528477963395623	1.0	"motile cell"
ZFA:0001175	0.7533637540971205	1.0	"blastodisc"
ZFA:0009165	0.7534744008195826	1.0	"neural crest cell"
ZFA:0009046	0.7558139534883845	1.0	"T cell"
ZFA:0007050	0.7563537494249812	1.0	"constrictor dorsalis"
ZFA:0009356	0.7564301439559848	1.0	"myeloid lineage restricted progenitor cell"
ZFA:0000272	0.7578287414891128	1.0	"respiratory system"
ZFA:0001294	0.765445023126108	1.0	"epibranchial placode"
ZFA:0001606	0.7668044145295647	1.0	"pharyngeal arch 3"
ZFA:0001069	0.7714427568014361	1.0	"ventral fin fold"
ZFA:0001487	0.7740840971456446	1.0	"portion of organism substance"
ZFA:0009021	0.7753584481317838	1.0	"common myeloid progenitor"
ZFA:0001463	0.7754132923331761	1.0	"melanophore stripe"
ZFA:0009001	0.7776267905255924	1.0	"receptor cell (sensu Animalia)"
ZFA:0000007	0.7785812919459963	1.0	"blood"
ZFA:0000250	0.7818851016609976	1.0	"opercle"
ZFA:0007060	0.7851041081464245	1.0	"dorsolateral field"
ZFA:0000402	0.7860320647928224	1.0	"olfactory bulb"
ZFA:0005272	0.7866428693469976	1.0	"immature gonad"
ZFA:0009316	0.7907852992766428	1.0	"cardiac muscle cell"
ZFA:0009366	0.7916080402008996	1.0	"hair cell"
ZFA:0009065	0.7916388611558526	1.0	"endothelial cell"
ZFA:0000109	0.7928423237284581	1.0	"forebrain"
ZFA:0000168	0.7933884297520799	1.0	"anterior macula"
ZFA:0000022	0.793539645882337	1.0	"floor plate"
ZFA:0005737	0.7943145775151195	1.0	"intestinal rod"
ZFA:0000006	0.7980046929008564	1.0	"ball"
ZFA:0001559	0.7981409846201674	1.0	"vertebral column"
ZFA:0000351	0.8041944261573991	1.0	"olfactory region"
ZFA:0000498	0.8044470724550086	1.0	"dilatator operculi"
ZFA:0009198	0.8049970346546094	1.0	"xanthophore"
ZFA:0009255	0.8064161928367461	1.0	"amacrine cell"
ZFA:0001617	0.8097058847775647	1.0	"otolith"
ZFA:0001239	0.8131751078350483	1.0	"ceratobranchial 5 bone"
ZFA:0001194	0.8135602346055486	1.0	"cranial neural crest"
ZFA:0001071	0.8168010335532563	1.0	"presumptive neural retina"
ZFA:0001280	0.8198198198198188	1.0	"branchiostegal ray 3"
ZFA:0001107	0.8228091536968503	1.0	"internal gill bud"
ZFA:0009118	0.8242774128311601	1.0	"smooth muscle cell"
ZFA:0009064	0.8244848820807398	1.0	"mononuclear phagocyte"
ZFA:0000079	0.8248010500031464	1.0	"telencephalon"
ZFA:0000418	0.8248110862561161	1.0	"pretectum"
ZFA:0007009	0.8268209966378792	1.0	"nerve"
ZFA:0001264	0.8279018325767111	1.0	"ovarian follicle stage IV"
ZFA:0001158	0.8288756112181529	1.0	"endocrine system"
ZFA:0001077	0.8310207338597054	1.0	"thymus primordium"
ZFA:0000106	0.8331233022036408	1.0	"extension"
ZFA:0001189	0.8334676010751048	1.0	"vertebra"
ZFA:0000163	0.8362943775521384	1.0	"renal system"
ZFA:0001488	0.8371540845481765	1.0	"multi-tissue structure"
ZFA:0000470	0.8380635481043672	1.0	"preoptic area"
ZFA:0009184	0.8386929553329192	1.0	"osteoprogenitor cell"
ZFA:0009067	0.8408871168479918	1.0	"CNS neuron (sensu Vertebrata)"
ZFA:0000559	0.8416181589005358	1.0	"otolith organ"
ZFA:0001259	0.8425824856201793	1.0	"forebrain ventricle"
ZFA:0001178	0.843154809038523	1.0	"non neural ectoderm"
ZFA:0001079	0.8434302497725987	1.0	"blood vasculature"
ZFA:0000213	0.8440537163222919	1.0	"habenula"
ZFA:0001707	0.8475045931784625	1.0	"brainstem"
ZFA:0001371	0.8486588181091079	1.0	"pancreatic system"
ZFA:0005037	0.8505966789054573	1.0	"post-vent vasculature"
ZFA:0001266	0.8520634920634441	1.0	"ovarian follicle stage III"
ZFA:0000823	0.852883476625371	1.0	"rhombomere 5"
ZFA:0009326	0.8529306359511453	1.0	"myeloid leukocyte"
ZFA:0000242	0.8539664133762648	1.0	"male organism"
ZFA:0001369	0.8567311118365017	1.0	"anterior pancreatic bud"
ZFA:0001143	0.8571428571428612	1.0	"tooth 4V"
ZFA:0000014	0.8572666554397539	1.0	"dorsal aorta"
ZFA:0009147	0.8576844586596211	1.0	"glial cell (sensu Vertebrata)"
ZFA:0000123	0.857687132828611	1.0	"liver"
ZFA:0001110	0.8579249383191375	1.0	"ovarian follicle"
ZFA:0007059	0.8588440198732142	1.0	"neurogenic field"
ZFA:0001218	0.8590444996755964	1.0	"presumptive floor plate"
ZFA:0000151	0.8598904150265784	1.0	"pronephros"
ZFA:0001424	0.8606177514158432	1.0	"chondrocranium"
ZFA:0000632	0.8606390851015029	1.0	"reproductive system"
ZFA:0000633	0.8626067714331309	1.0	"caudal tuberculum"
ZFA:0001058	0.8647671268847289	1.0	"caudal fin"
ZFA:0007089	0.8647725441202103	1.0	"embryonic cell"
ZFA:0001212	0.8649421627796159	1.0	"presumptive rhombomere 4"
ZFA:0009084	0.8649502168633401	1.0	"chondrocyte"
ZFA:0005314	0.8655376231397603	1.0	"blood vessel"
ZFA:0001270	0.8658845705444193	1.0	"blastema"
ZFA:0000096	0.8667742079571872	1.0	"cardinal system"
ZFA:0000715	0.867729420791806	1.0	"adductor hyohyoid"
ZFA:0009327	0.8684210526316126	1.0	"neutrophil"
ZFA:0001262	0.8703671677787413	1.0	"gonad primordium"
ZFA:0009367	0.8722149927110383	1.0	"neuromast hair cell"
ZFA:0000653	0.8734452573919032	1.0	"dorsal thalamus"
ZFA:0001265	0.8735870471746516	1.0	"ovarian follicle stage II"
ZFA:0009169	0.8741979163774051	1.0	"glioblast (sensu Vertebrata)"
ZFA:0000005	0.8748722238735647	1.0	"artery"
ZFA:0000431	0.8750000000000279	1.0	"semicircular canal"
ZFA:0000458	0.8754890382473572	1.0	"ventral thalamus"
ZFA:0000386	0.8758530920706629	1.0	"macula"
ZFA:0000818	0.8785141735762017	1.0	"vagal neural crest"
ZFA:0001208	0.8788490566072642	1.0	"presumptive rhombomere 2"
ZFA:0001682	0.8797793186758278	1.0	"white matter"
ZFA:0000669	0.8808137690057243	1.0	"head kidney"
ZFA:0001249	0.8809153612694105	1.0	"exocrine pancreas"
ZFA:0000338	0.8815911407303333	1.0	"diencephalic white matter"
ZFA:0007013	0.881873270758184	1.0	"preplacodal ectoderm"
ZFA:0000016	0.8823101939861979	1.0	"ectoderm"
ZFA:0009357	0.8829597972079588	1.0	"mononuclear cell"
ZFA:0009088	0.8838514995587862	1.0	"professional antigen presenting cell"
ZFA:0001491	0.8839798649131873	1.0	"solid compound organ"
ZFA:0005909	0.8870305582290388	1.0	"presumptive preglomerular region"
ZFA:0001073	0.8901469091326574	1.0	"axial vasculature"
ZFA:0009226	0.8904901160596412	1.0	"stromal cell"
ZFA:0000150	0.8918102948606046	1.0	"pronephric duct"
ZFA:0001321	0.8935668065032116	1.0	"neurocranial trabecula"
ZFA:0001289	0.8953581460967119	1.0	"ciliary marginal zone"
ZFA:0001263	0.8966012151484847	1.0	"ovarian follicle stage I"
ZFA:0000092	0.8984259448898312	1.0	"axis"
ZFA:0000100	0.8986669588361322	1.0	"cerebellum"
ZFA:0001309	0.9005850038562931	1.0	"neurogenic placode"
ZFA:0009091	0.9007978877940395	1.0	"melanocyte"
ZFA:0001440	0.9011334397375187	1.0	"rhombic lip"
ZFA:0001442	0.9011334397375187	1.0	"upper rhombic lip"
ZFA:0001390	0.9024282981112731	1.0	"pancreatic bud"
ZFA:0000075	0.9035768675559072	1.0	"spinal cord"
ZFA:0000571	0.9058199509298924	1.0	"presumptive telencephalon"
ZFA:0005171	0.9109868212907547	1.0	"duct"
ZFA:0000554	0.913698543757195	1.0	"olfactory epithelium"
ZFA:0000031	0.9138126297710898	1.0	"hypochord"
ZFA:0007114	0.9157167923174026	1.0	"anatomical conduit"
ZFA:0001671	0.9176936697228073	1.0	"macula communis"
ZFA:0005885	0.917992443758984	1.0	"operculohyoid ligament"
ZFA:0001217	0.9197668248181243	1.0	"presumptive hypochord"
ZFA:0000254	0.9205742774337256	1.0	"pancreas primordium"
ZFA:0009009	0.9211476219359245	1.0	"neuron neural crest derived"
ZFA:0000084	0.921317387381301	1.0	"yolk"
ZFA:0001431	0.9220641212087678	1.0	"primitive olfactory epithelium"
ZFA:0009016	0.9237484724379662	1.0	"germ line cell"
ZFA:0009265	0.9247917687407788	1.0	"monocyte"
ZFA:0000190	0.9263061185717891	1.0	"ganglion"
ZFA:0000094	0.9263106545886445	1.0	"blood island"
ZFA:0007041	0.9263645374529388	1.0	"forebrain neural tube"
ZFA:0000339	0.9287132839561465	1.0	"digestive system"
ZFA:0005773	0.9287700212278782	1.0	"embryonic blood vessel endothelial progenitor cell"
ZFA:0009162	0.9298245614035117	1.0	"extracellular matrix secreting cell"
ZFA:0007034	0.9304085579542067	1.0	"forebrain neural rod"
ZFA:0001202	0.9316924648003122	1.0	"optic cup"
ZFA:0009038	0.931921589728461	1.0	"columnar/cuboidal epithelial cell"
ZFA:0007018	0.9327489881123039	1.0	"forebrain neural plate"
ZFA:0007026	0.9327489881123039	1.0	"forebrain neural keel"
ZFA:0000295	0.9337202124145783	1.0	"trigeminal ganglion"
ZFA:0000555	0.9351277127708454	1.0	"opercular flap"
ZFA:0005409	0.9351621778335072	1.0	"pars superior ear"
ZFA:0000036	0.9357221411477279	1.0	"liver and biliary system"
ZFA:0000062	0.9362902384224918	1.0	"presumptive forebrain"
ZFA:0005567	0.9379849212233001	1.0	"posterior segment eye"
ZFA:0001156	0.9403966996317845	1.0	"posterior lateral line placode"
ZFA:0000282	0.9405084905612855	1.0	"sensory system"
ZFA:0001461	0.9414422185675666	1.0	"chondrocranium cartilage"
ZFA:0005028	0.9444856828932262	1.0	"ventral wall of dorsal aorta"
ZFA:0000152	0.9452688993844353	1.0	"retina"
ZFA:0000128	0.9470512886264636	1.0	"midbrain"
ZFA:0001211	0.9485177452960913	1.0	"presumptive rhombomere 5"
ZFA:0009306	0.9491016825636456	1.0	"neuroepithelial cell"
ZFA:0009011	0.9500379674843534	1.0	"neuroblast"
ZFA:0001215	0.9530936429645035	1.0	"thalamus"
ZFA:0000445	0.953768386329296	1.0	"optic tectum"
ZFA:0001675	0.9541811426307825	1.0	"ligament"
ZFA:0007116	0.9545047637957266	1.0	"pleuroperitoneal region"
ZFA:0001108	0.9545454545454641	1.0	"anterior commissure"
ZFA:0000228	0.9550261047546194	1.0	"lateral line primordium"
ZFA:0005249	0.9574951685981636	1.0	"vasculature"
ZFA:0001207	0.9581621068506476	1.0	"presumptive rhombomere 1"
ZFA:0000304	0.9597157886431746	1.0	"ventral telencephalon"
ZFA:0000112	0.9599362732490861	1.0	"gut"
ZFA:0000098	0.9602448991280246	1.0	"proliferative region"
ZFA:0001635	0.9604013971233067	1.0	"intramembranous bone"
ZFA:0005597	0.9605877681419258	1.0	"median fin"
ZFA:0000303	0.9612005803225232	1.0	"female organism"
ZFA:0005924	0.9617982686567961	1.0	"middle migratory muscle precursor stream"
ZFA:0001127	0.9627078872025556	1.0	"visual system"
ZFA:0005076	0.9638692265666335	1.0	"primordial vasculature"
ZFA:0000033	0.964297971907216	1.0	"intermediate cell mass of mesoderm"
ZFA:0000080	0.9657118780611821	1.0	"trigeminal neural crest"
ZFA:0009048	0.9661016949152267	1.0	"granulocyte"
ZFA:0009158	0.9677419354838706	1.0	"keratinocyte"
ZFA:0009324	0.9682603957782095	1.0	"myeloid cell"
ZFA:0000598	0.9712400660195033	1.0	"testis"
ZFA:0007068	0.9713253898656926	1.0	"otic epithelium"
ZFA:0009051	0.9720221011311035	1.0	"interneuron"
ZFA:0000040	0.9725897937750279	1.0	"median fin fold"
ZFA:0000143	0.9730224437716737	1.0	"retinal photoreceptor layer"
ZFA:0000124	0.9736201735640716	1.0	"liver primordium"
ZFA:0007042	0.9738685272939999	1.0	"spinal cord neural tube"
ZFA:0000083	0.974066569733471	1.0	"ventral mesoderm"
ZFA:0005738	0.9754889620849795	1.0	"intestinal bulb primordium"
ZFA:0001659	0.9758151846879255	1.0	"diencephalic nucleus"
ZFA:0000496	0.9759654633743383	1.0	"compound organ"
ZFA:0001338	0.9778129910034434	1.0	"intestine"
ZFA:0001357	0.9783985329114963	1.0	"alar plate midbrain region"
ZFA:0001328	0.9790762833303653	1.0	"neuromere"
ZFA:0009019	0.9799766529201166	1.0	"neuronal stem cell"
ZFA:0000107	0.9800260666311182	1.0	"eye"
ZFA:0001405	0.9802140695828697	1.0	"ethmoid cartilage"
ZFA:0007052	0.9806595959812959	1.0	"hyohyoideus"
ZFA:0005830	0.9808910517837414	1.0	"hematopoietic cell"
ZFA:0007025	0.9809044080746466	1.0	"midbrain neural keel"
ZFA:0007019	0.9810438963043507	1.0	"midbrain neural plate"
ZFA:0005077	0.9812357453863564	1.0	"vascular cord"
ZFA:0000148	0.982059358891084	1.0	"presumptive midbrain"
ZFA:0000050	0.9826138579243022	1.0	"optic vesicle"
ZFA:0007038	0.9839831486706982	1.0	"anterior neural tube"
ZFA:0000082	0.9843399124504101	1.0	"vein"
ZFA:0001495	0.9845401944317931	1.0	"unilaminar epithelium"
ZFA:0000570	0.9852860794154495	1.0	"optic primordium"
ZFA:0007024	0.9856203444085824	1.0	"anterior neural keel"
ZFA:0007039	0.9857697676591642	1.0	"midbrain neural tube"
ZFA:0007031	0.9857880222026213	1.0	"anterior neural rod"
ZFA:0007016	0.985917462799887	1.0	"anterior neural plate"
ZFA:0000545	0.986055194674056	1.0	"medulla oblongata"
ZFA:0007014	0.9864746749513386	1.0	"anterior presumptive neural plate"
ZFA:0007032	0.9872238326380017	1.0	"midbrain neural rod"
ZFA:0009154	0.9877375360515144	1.0	"eye photoreceptor cell"
ZFA:0009248	0.9884423988443407	1.0	"neuron"
ZFA:0000416	0.9887890585736924	1.0	"presumptive endoderm"
ZFA:0009093	0.9905660377358895	1.0	"GAG secreting cell"
ZFA:0009287	0.9905660377358895	1.0	"collagen secreting cell"
ZFA:0001269	0.9925460110248029	1.0	"regenerating fin"
ZFA:0000146	0.9935778522965437	1.0	"presumptive brain"
ZFA:0001201	0.9936314124838418	1.0	"ventral lateral mesoderm"
ZFA:0000032	0.9941256603511994	1.0	"hypothalamus"
ZFA:0001678	0.9941438020210059	1.0	"immature eye"
ZFA:0000012	0.9951264872688548	1.0	"central nervous system"
ZFA:0000162	0.995596444324588	1.0	"trigeminal placode"
ZFA:0005575	0.996387578640677	1.0	"brain nucleus"
ZFA:0001261	0.997012987872528	1.0	"ventricular system"
ZFA:0001471	0.9971577497634881	1.0	"posterior lateral line system"
ZFA:0009044	0.9974502445552826	1.0	"blood cell"
ZFA:0000093	0.9975157155899737	1.0	"blastomere"
ZFA:0000029	0.9980148134706422	1.0	"hindbrain"
ZFA:0000067	0.9980418775523134	1.0	"pronephric mesoderm"
ZFA:0001206	0.9985266170668792	1.0	"intermediate mesoderm"
ZFA:0000008	0.9988278196514337	1.0	"brain"
ZFA:0007022	0.9990488809927408	1.0	"hindbrain neural plate"
ZFA:0000569	0.9991149582741127	1.0	"presumptive hindbrain"
ZFA:0000017	0.9995376750544392	1.0	"endoderm"
ZFA:0007017	0.9995835574113677	1.0	"posterior neural plate"
ZFA:0007015	0.9995971000197549	1.0	"posterior presumptive neural plate"
ZFA:0009080	0.9996527086958927	1.0	"neurectodermal cell"
ZFA:0007043	0.9996654082900998	1.0	"hindbrain neural tube"
ZFA:0007036	0.9996795139695772	1.0	"hindbrain neural rod"
ZFA:0000113	0.9996880116182215	1.0	"head mesenchyme"
ZFA:0009137	0.9996917902308616	1.0	"ectodermal cell"
ZFA:0007037	0.9996921899295934	1.0	"posterior neural tube"
ZFA:0005024	0.9996923291888054	1.0	"trunk vasculature"
ZFA:0007030	0.9997108244970467	1.0	"posterior neural rod"
ZFA:0007029	0.999733429257376	1.0	"hindbrain neural keel"
ZFA:0000396	0.9997346855026551	1.0	"nervous system"
ZFA:0007023	0.9997554591314242	1.0	"posterior neural keel"
ZFA:0000132	0.9999488158352939	1.0	"neural plate"
ZFA:0001135	0.9999942534705469	1.0	"neural tube"
ZFA:0000133	0.9999949713233905	1.0	"neural rod"
ZFA:0000131	0.9999978990814302	1.0	"neural keel"
ZFA:0000063	0.9999990821604849	1.0	"presumptive neural plate"
ZFA:0001114	0.9999992366377902	1.0	"head"
ZFA:0009020	0.9999999999900292	1.0	"multi fate stem cell"
ZFA:0009190	1.0	1.0	"electrically responsive cell"
ZFA:0001137	1.0	1.0	"ventral tooth row"
ZFA:0001590	1.0	1.0	"dermal bone"
ZFA:0001693	1.0	1.0	"chondral bone"
ZFA:0100000	1.0	1.0	"zebrafish anatomical entity"
ZFA:0009193	1.0000000000045794	1.0	"electrically signaling cell"
